# Host: 192.168.0.121  (Version: 5.6.42-log)
# Date: 2019-02-01 11:14:32
# Generator: MySQL-Front 5.3  (Build 4.123)

/*!40101 SET NAMES utf8 */;

#
# Structure for table "actor"
#

CREATE TABLE `actor` (
  `no` int(11) NOT NULL AUTO_INCREMENT COMMENT '배우 일련번호',
  `movie_no` int(11) DEFAULT '0' COMMENT '영화 일련번호',
  `actor1` varchar(255) DEFAULT NULL COMMENT '출연배우',
  `actor2` varchar(255) DEFAULT NULL COMMENT '출연배우',
  `actor3` varchar(255) DEFAULT NULL COMMENT '출연배우',
  `actor4` varchar(255) DEFAULT NULL COMMENT '출연배우',
  `actor5` varchar(255) DEFAULT NULL COMMENT '출연배우',
  `actor6` varchar(255) DEFAULT NULL COMMENT '출연배우',
  PRIMARY KEY (`no`)
) ENGINE=InnoDB AUTO_INCREMENT=21 DEFAULT CHARSET=utf8;

#
# Data for table "actor"
#

INSERT INTO `actor` VALUES (1,29,'제이 바루첼','케이트 블란쳇','아메리카 페레라','제라드 버틀러','키트 해링턴',''),(2,30,'로사 살라자르','크리스토프 왈츠','키언 존슨','마허샬라 알리','제니퍼 코넬리',''),(3,31,'에밀리 블런트','메릴 스트립','콜린 퍼스','줄리 월터스','벤 위쇼',''),(5,19,'유해진','윤계상','김홍파','우현','김태훈',''),(6,20,'진영','박성웅','라미란','이수민','이준혁',''),(7,21,'제임스 맥어보이','브루스 윌리스','사무엘 L.잭슨','사라 폴슨','안야 테일러 조이',''),(8,22,'존 C.라일리','사라 실버맨','제인 린치','잭 맥브레이어','갤 가돗',''),(9,23,'김서영','엄상현','안현서','김장','홈범기',''),(10,24,'제이슨 모모아','엠버 허드','니콜 키드먼','패트릭 윌슨','윌렘 대포',''),(11,25,'비고 모텐슨','마허샬라 알리','린다 카델리니','','',''),(12,26,'루이스 서키스','레베카 퍼거슨','패트릭 스튜어트','톰 테일러','앵거스 임리',''),(13,27,'라미 말렉','루시 보인턴','귈림 리','벤 하디','조셉 마젤로',''),(14,28,'샤메익 무어','헤일리 스테인필드','니콜라스 케이지','제이크 존슨','리브 슈라이버',''),(15,33,'공효준','류준열','조정석','염정아','전혜진',''),(16,34,'류승룡','이하늬','진선규','이동휘','공명',''),(17,35,'벤 애플렉','제이슨 모모아','갈 가도트','에즈라 밀러','헨리 카빌',''),(18,36,'한석규','최민식','송강호','김윤진','',''),(19,37,'류승룡','이하늬','진선규','공명','이동휘',''),(20,38,'이정재','박정민','이재인','정진영','진선규','');

#
# Structure for table "admin"
#

CREATE TABLE `admin` (
  `no` int(10) NOT NULL AUTO_INCREMENT,
  `id` varchar(255) NOT NULL COMMENT '아이디',
  `password` varchar(255) NOT NULL COMMENT '패스워드',
  `email` varchar(255) DEFAULT NULL,
  `name` varchar(255) NOT NULL COMMENT '이름',
  `memo` text COMMENT '메모',
  `registdate` timestamp NOT NULL DEFAULT CURRENT_TIMESTAMP COMMENT '등록일',
  PRIMARY KEY (`no`)
) ENGINE=MyISAM AUTO_INCREMENT=14 DEFAULT CHARSET=utf8 ROW_FORMAT=DYNAMIC;

#
# Data for table "admin"
#

INSERT INTO `admin` VALUES (2,'test','*94BDCEBE19083CE2A1F959FD02F964C7AF4CFC29','test@test.com','관리자','테스트입니다.','2018-12-30 11:11:11'),(3,'test2','*676243218923905CF94CB52A3C9D3EB30CE8E20D','test@test.com','test2','<p>testtest</p>','2018-12-30 13:53:34'),(13,'test22','*3D3B92F242033365AE5BC6A8E6FC3E1679F4140A','','test','<p>zzzzzz</p>','2018-12-30 22:27:46');

#
# Structure for table "admin_loginhistory"
#

CREATE TABLE `admin_loginhistory` (
  `no` int(10) NOT NULL AUTO_INCREMENT,
  `id` varchar(255) NOT NULL COMMENT '아이디',
  `name` varchar(255) NOT NULL COMMENT '이름',
  `logindate` timestamp NOT NULL DEFAULT CURRENT_TIMESTAMP ON UPDATE CURRENT_TIMESTAMP COMMENT '등록일',
  `ip` varchar(255) DEFAULT NULL COMMENT '아이피',
  PRIMARY KEY (`no`)
) ENGINE=MyISAM AUTO_INCREMENT=652 DEFAULT CHARSET=utf8 ROW_FORMAT=DYNAMIC;

#
# Data for table "admin_loginhistory"
#

INSERT INTO `admin_loginhistory` VALUES (1,'test','관리자','2018-12-30 22:16:10','0:0:0:0:0:0:0:1'),(2,'test','관리자','2018-12-30 23:06:58','0:0:0:0:0:0:0:1'),(302,'test','관리자','2019-01-14 10:47:56','0:0:0:0:0:0:0:1'),(303,'test','관리자','2019-01-14 10:51:51','0:0:0:0:0:0:0:1'),(304,'test','관리자','2019-01-14 11:00:42','0:0:0:0:0:0:0:1'),(305,'test','관리자','2019-01-14 11:02:27','0:0:0:0:0:0:0:1'),(306,'test','관리자','2019-01-14 11:05:26','0:0:0:0:0:0:0:1'),(307,'test','관리자','2019-01-14 11:46:06','0:0:0:0:0:0:0:1'),(308,'test','관리자','2019-01-14 11:47:54','0:0:0:0:0:0:0:1'),(309,'test','관리자','2019-01-14 11:52:48','0:0:0:0:0:0:0:1'),(310,'test','관리자','2019-01-14 11:59:58','0:0:0:0:0:0:0:1'),(311,'test','관리자','2019-01-14 12:01:19','0:0:0:0:0:0:0:1'),(312,'test','관리자','2019-01-14 12:28:23','0:0:0:0:0:0:0:1'),(313,'test','관리자','2019-01-14 12:29:39','0:0:0:0:0:0:0:1'),(314,'test','관리자','2019-01-14 12:30:53','0:0:0:0:0:0:0:1'),(315,'test','관리자','2019-01-14 12:38:57','0:0:0:0:0:0:0:1'),(316,'test','관리자','2019-01-14 13:44:23','0:0:0:0:0:0:0:1'),(317,'test','관리자','2019-01-14 13:51:12','0:0:0:0:0:0:0:1'),(318,'test','관리자','2019-01-14 13:52:13','0:0:0:0:0:0:0:1'),(319,'test','관리자','2019-01-14 13:56:02','0:0:0:0:0:0:0:1'),(320,'test','관리자','2019-01-14 14:08:44','0:0:0:0:0:0:0:1'),(321,'test','관리자','2019-01-14 14:17:58','0:0:0:0:0:0:0:1'),(322,'test','관리자','2019-01-14 14:28:47','0:0:0:0:0:0:0:1'),(323,'test','관리자','2019-01-14 14:41:38','0:0:0:0:0:0:0:1'),(324,'test','관리자','2019-01-14 14:43:28','0:0:0:0:0:0:0:1'),(325,'test','관리자','2019-01-14 15:10:31','0:0:0:0:0:0:0:1'),(326,'test','관리자','2019-01-14 15:12:17','0:0:0:0:0:0:0:1'),(327,'test','관리자','2019-01-14 15:33:07','0:0:0:0:0:0:0:1'),(328,'test','관리자','2019-01-14 17:57:16','0:0:0:0:0:0:0:1'),(329,'test','관리자','2019-01-14 17:58:13','0:0:0:0:0:0:0:1'),(330,'test','관리자','2019-01-14 18:03:40','0:0:0:0:0:0:0:1'),(331,'test','관리자','2019-01-14 18:05:47','0:0:0:0:0:0:0:1'),(332,'test','관리자','2019-01-15 10:10:33','0:0:0:0:0:0:0:1'),(333,'test','관리자','2019-01-15 10:15:32','0:0:0:0:0:0:0:1'),(334,'test','관리자','2019-01-15 10:34:21','0:0:0:0:0:0:0:1'),(335,'test','관리자','2019-01-15 10:41:23','0:0:0:0:0:0:0:1'),(336,'test','관리자','2019-01-15 11:05:49','0:0:0:0:0:0:0:1'),(337,'test','관리자','2019-01-15 11:11:31','0:0:0:0:0:0:0:1'),(338,'test','관리자','2019-01-15 11:16:44','0:0:0:0:0:0:0:1'),(339,'test','관리자','2019-01-15 11:22:37','0:0:0:0:0:0:0:1'),(340,'test','관리자','2019-01-15 11:58:02','0:0:0:0:0:0:0:1'),(341,'test','관리자','2019-01-15 12:02:06','0:0:0:0:0:0:0:1'),(342,'test','관리자','2019-01-15 12:31:01','0:0:0:0:0:0:0:1'),(343,'test','관리자','2019-01-15 16:10:45','0:0:0:0:0:0:0:1'),(344,'test','관리자','2019-01-15 16:41:21','0:0:0:0:0:0:0:1'),(345,'test','관리자','2019-01-15 17:46:57','0:0:0:0:0:0:0:1'),(346,'test','관리자','2019-01-16 14:15:23','0:0:0:0:0:0:0:1'),(347,'test','관리자','2019-01-16 14:25:41','0:0:0:0:0:0:0:1'),(348,'test','관리자','2019-01-16 14:43:03','0:0:0:0:0:0:0:1'),(349,'test','관리자','2019-01-16 14:46:41','0:0:0:0:0:0:0:1'),(350,'test','관리자','2019-01-16 14:51:18','0:0:0:0:0:0:0:1'),(351,'test','관리자','2019-01-16 14:56:26','0:0:0:0:0:0:0:1'),(352,'test','관리자','2019-01-16 15:22:37','0:0:0:0:0:0:0:1'),(353,'test','관리자','2019-01-16 15:27:01','0:0:0:0:0:0:0:1'),(354,'test','관리자','2019-01-16 15:29:11','0:0:0:0:0:0:0:1'),(355,'test','관리자','2019-01-16 15:31:45','0:0:0:0:0:0:0:1'),(356,'test','관리자','2019-01-16 15:35:42','0:0:0:0:0:0:0:1'),(357,'test','관리자','2019-01-16 15:57:08','0:0:0:0:0:0:0:1'),(358,'test','관리자','2019-01-16 15:57:22','0:0:0:0:0:0:0:1'),(359,'test','관리자','2019-01-16 15:59:32','0:0:0:0:0:0:0:1'),(360,'test','관리자','2019-01-16 16:05:04','0:0:0:0:0:0:0:1'),(361,'test','관리자','2019-01-16 16:10:20','0:0:0:0:0:0:0:1'),(362,'test','관리자','2019-01-16 16:23:38','0:0:0:0:0:0:0:1'),(363,'test','관리자','2019-01-16 16:24:33','0:0:0:0:0:0:0:1'),(364,'test','관리자','2019-01-16 16:25:53','0:0:0:0:0:0:0:1'),(365,'test','관리자','2019-01-16 16:28:01','0:0:0:0:0:0:0:1'),(366,'test','관리자','2019-01-16 16:29:47','0:0:0:0:0:0:0:1'),(367,'test','관리자','2019-01-16 16:37:03','0:0:0:0:0:0:0:1'),(368,'test','관리자','2019-01-16 16:42:35','0:0:0:0:0:0:0:1'),(369,'test','관리자','2019-01-16 16:48:39','0:0:0:0:0:0:0:1'),(370,'test','관리자','2019-01-16 17:25:33','0:0:0:0:0:0:0:1'),(371,'test','관리자','2019-01-16 17:29:47','0:0:0:0:0:0:0:1'),(372,'test','관리자','2019-01-16 17:31:26','0:0:0:0:0:0:0:1'),(373,'test','관리자','2019-01-16 17:41:31','0:0:0:0:0:0:0:1'),(374,'test','관리자','2019-01-16 17:49:09','0:0:0:0:0:0:0:1'),(375,'test','관리자','2019-01-16 17:49:51','0:0:0:0:0:0:0:1'),(376,'test','관리자','2019-01-16 17:53:16','0:0:0:0:0:0:0:1'),(377,'test','관리자','2019-01-17 11:34:23','0:0:0:0:0:0:0:1'),(378,'test','관리자','2019-01-17 11:50:01','0:0:0:0:0:0:0:1'),(379,'test','관리자','2019-01-17 12:08:00','0:0:0:0:0:0:0:1'),(380,'test','관리자','2019-01-17 12:08:03','0:0:0:0:0:0:0:1'),(381,'test','관리자','2019-01-17 12:24:18','0:0:0:0:0:0:0:1'),(382,'test','관리자','2019-01-17 12:25:08','0:0:0:0:0:0:0:1'),(383,'test','관리자','2019-01-17 12:33:38','0:0:0:0:0:0:0:1'),(384,'test','관리자','2019-01-17 13:49:29','0:0:0:0:0:0:0:1'),(385,'test','관리자','2019-01-17 13:51:42','0:0:0:0:0:0:0:1'),(386,'test','관리자','2019-01-17 13:54:59','0:0:0:0:0:0:0:1'),(387,'test','관리자','2019-01-17 14:13:52','0:0:0:0:0:0:0:1'),(388,'test','관리자','2019-01-17 14:16:59','0:0:0:0:0:0:0:1'),(389,'test','관리자','2019-01-17 14:21:58','0:0:0:0:0:0:0:1'),(390,'test','관리자','2019-01-17 14:22:41','0:0:0:0:0:0:0:1'),(391,'test','관리자','2019-01-17 14:23:35','0:0:0:0:0:0:0:1'),(392,'test','관리자','2019-01-17 14:38:35','0:0:0:0:0:0:0:1'),(393,'test','관리자','2019-01-17 14:45:42','0:0:0:0:0:0:0:1'),(394,'test','관리자','2019-01-17 14:55:53','0:0:0:0:0:0:0:1'),(395,'test','관리자','2019-01-17 14:55:57','0:0:0:0:0:0:0:1'),(396,'test','관리자','2019-01-17 15:00:47','0:0:0:0:0:0:0:1'),(397,'test','관리자','2019-01-17 15:03:11','0:0:0:0:0:0:0:1'),(398,'test','관리자','2019-01-17 15:04:18','0:0:0:0:0:0:0:1'),(399,'test','관리자','2019-01-17 15:15:15','0:0:0:0:0:0:0:1'),(400,'test','관리자','2019-01-17 15:28:07','0:0:0:0:0:0:0:1'),(401,'test','관리자','2019-01-17 15:32:10','0:0:0:0:0:0:0:1'),(402,'test','관리자','2019-01-17 15:35:02','0:0:0:0:0:0:0:1'),(403,'test','관리자','2019-01-17 16:03:47','0:0:0:0:0:0:0:1'),(404,'test','관리자','2019-01-17 16:09:49','0:0:0:0:0:0:0:1'),(405,'test','관리자','2019-01-17 16:10:53','0:0:0:0:0:0:0:1'),(406,'test','관리자','2019-01-17 16:15:06','0:0:0:0:0:0:0:1'),(407,'test','관리자','2019-01-17 16:21:33','0:0:0:0:0:0:0:1'),(408,'test','관리자','2019-01-17 16:23:14','0:0:0:0:0:0:0:1'),(409,'test','관리자','2019-01-17 16:29:03','0:0:0:0:0:0:0:1'),(410,'test','관리자','2019-01-17 16:30:28','0:0:0:0:0:0:0:1'),(411,'test','관리자','2019-01-17 16:32:35','0:0:0:0:0:0:0:1'),(412,'test','관리자','2019-01-17 16:35:54','0:0:0:0:0:0:0:1'),(413,'test','관리자','2019-01-17 16:38:04','0:0:0:0:0:0:0:1'),(414,'test','관리자','2019-01-17 16:41:59','0:0:0:0:0:0:0:1'),(415,'test','관리자','2019-01-17 16:42:08','0:0:0:0:0:0:0:1'),(416,'test','관리자','2019-01-17 16:43:59','0:0:0:0:0:0:0:1'),(417,'test','관리자','2019-01-17 16:48:11','0:0:0:0:0:0:0:1'),(418,'test','관리자','2019-01-17 16:55:13','0:0:0:0:0:0:0:1'),(419,'test','관리자','2019-01-17 16:59:32','0:0:0:0:0:0:0:1'),(420,'test','관리자','2019-01-17 16:59:35','0:0:0:0:0:0:0:1'),(421,'test','관리자','2019-01-17 17:04:29','0:0:0:0:0:0:0:1'),(422,'test','관리자','2019-01-17 17:05:27','0:0:0:0:0:0:0:1'),(423,'test','관리자','2019-01-17 17:12:28','0:0:0:0:0:0:0:1'),(424,'test','관리자','2019-01-17 17:15:04','0:0:0:0:0:0:0:1'),(425,'test','관리자','2019-01-17 17:30:45','0:0:0:0:0:0:0:1'),(426,'test','관리자','2019-01-17 17:38:21','0:0:0:0:0:0:0:1'),(427,'test','관리자','2019-01-17 17:50:11','0:0:0:0:0:0:0:1'),(428,'test','관리자','2019-01-17 17:50:40','0:0:0:0:0:0:0:1'),(429,'test','관리자','2019-01-17 17:56:55','0:0:0:0:0:0:0:1'),(430,'test','관리자','2019-01-17 17:57:38','0:0:0:0:0:0:0:1'),(431,'test','관리자','2019-01-17 18:01:09','0:0:0:0:0:0:0:1'),(432,'test','관리자','2019-01-17 18:07:09','0:0:0:0:0:0:0:1'),(433,'test','관리자','2019-01-18 09:56:27','0:0:0:0:0:0:0:1'),(434,'test','관리자','2019-01-18 10:37:38','0:0:0:0:0:0:0:1'),(435,'test','관리자','2019-01-18 10:57:59','0:0:0:0:0:0:0:1'),(436,'test','관리자','2019-01-18 12:01:18','0:0:0:0:0:0:0:1'),(437,'test','관리자','2019-01-18 12:05:53','0:0:0:0:0:0:0:1'),(438,'test','관리자','2019-01-18 12:09:05','0:0:0:0:0:0:0:1'),(439,'test','관리자','2019-01-18 12:17:48','0:0:0:0:0:0:0:1'),(440,'test','관리자','2019-01-18 12:20:57','0:0:0:0:0:0:0:1'),(441,'test','관리자','2019-01-18 12:22:05','0:0:0:0:0:0:0:1'),(442,'test','관리자','2019-01-18 12:24:07','0:0:0:0:0:0:0:1'),(443,'test','관리자','2019-01-18 12:25:39','0:0:0:0:0:0:0:1'),(444,'test','관리자','2019-01-18 12:30:15','0:0:0:0:0:0:0:1'),(445,'test','관리자','2019-01-18 13:24:24','0:0:0:0:0:0:0:1'),(446,'test','관리자','2019-01-18 13:33:52','0:0:0:0:0:0:0:1'),(447,'test','관리자','2019-01-18 13:34:46','0:0:0:0:0:0:0:1'),(448,'test','관리자','2019-01-18 13:46:54','0:0:0:0:0:0:0:1'),(449,'test','관리자','2019-01-18 13:47:32','0:0:0:0:0:0:0:1'),(450,'test','관리자','2019-01-18 13:50:44','0:0:0:0:0:0:0:1'),(451,'test','관리자','2019-01-18 13:53:19','0:0:0:0:0:0:0:1'),(452,'test','관리자','2019-01-18 15:43:48','0:0:0:0:0:0:0:1'),(453,'test','관리자','2019-01-18 16:18:48','0:0:0:0:0:0:0:1'),(454,'test','관리자','2019-01-18 17:39:52','0:0:0:0:0:0:0:1'),(455,'test','관리자','2019-01-18 17:44:13','0:0:0:0:0:0:0:1'),(456,'test','관리자','2019-01-18 18:00:53','0:0:0:0:0:0:0:1'),(457,'test','관리자','2019-01-18 18:03:03','0:0:0:0:0:0:0:1'),(458,'test','관리자','2019-01-18 18:04:15','0:0:0:0:0:0:0:1'),(459,'test','관리자','2019-01-18 18:09:40','0:0:0:0:0:0:0:1'),(460,'test','관리자','2019-01-18 18:14:11','0:0:0:0:0:0:0:1'),(461,'test','관리자','2019-01-21 13:52:36','0:0:0:0:0:0:0:1'),(462,'test','관리자','2019-01-21 14:26:09','0:0:0:0:0:0:0:1'),(463,'test','관리자','2019-01-21 15:10:11','0:0:0:0:0:0:0:1'),(464,'test','관리자','2019-01-21 15:19:09','0:0:0:0:0:0:0:1'),(465,'test','관리자','2019-01-21 16:33:39','0:0:0:0:0:0:0:1'),(466,'test','관리자','2019-01-21 16:45:53','0:0:0:0:0:0:0:1'),(467,'test','관리자','2019-01-21 16:47:11','0:0:0:0:0:0:0:1'),(468,'test','관리자','2019-01-21 16:47:35','0:0:0:0:0:0:0:1'),(469,'test','관리자','2019-01-21 16:50:34','0:0:0:0:0:0:0:1'),(470,'test','관리자','2019-01-21 16:51:21','0:0:0:0:0:0:0:1'),(471,'test','관리자','2019-01-21 16:58:52','0:0:0:0:0:0:0:1'),(472,'test','관리자','2019-01-21 17:23:46','0:0:0:0:0:0:0:1'),(473,'test','관리자','2019-01-21 17:32:08','0:0:0:0:0:0:0:1'),(474,'test','관리자','2019-01-21 17:41:09','0:0:0:0:0:0:0:1'),(475,'test','관리자','2019-01-21 17:45:33','0:0:0:0:0:0:0:1'),(476,'test','관리자','2019-01-21 17:50:41','0:0:0:0:0:0:0:1'),(477,'test','관리자','2019-01-21 18:02:57','0:0:0:0:0:0:0:1'),(478,'test','관리자','2019-01-22 11:06:00','0:0:0:0:0:0:0:1'),(479,'test','관리자','2019-01-22 11:14:11','0:0:0:0:0:0:0:1'),(480,'test','관리자','2019-01-22 11:28:43','0:0:0:0:0:0:0:1'),(481,'test','관리자','2019-01-22 11:29:37','0:0:0:0:0:0:0:1'),(482,'test','관리자','2019-01-22 11:29:59','0:0:0:0:0:0:0:1'),(483,'test','관리자','2019-01-22 11:43:50','0:0:0:0:0:0:0:1'),(484,'test','관리자','2019-01-22 11:50:26','0:0:0:0:0:0:0:1'),(485,'test','관리자','2019-01-22 11:51:54','0:0:0:0:0:0:0:1'),(486,'test','관리자','2019-01-22 12:03:33','0:0:0:0:0:0:0:1'),(487,'test','관리자','2019-01-22 12:08:17','0:0:0:0:0:0:0:1'),(488,'test','관리자','2019-01-22 13:31:17','0:0:0:0:0:0:0:1'),(489,'test','관리자','2019-01-22 13:43:52','0:0:0:0:0:0:0:1'),(490,'test','관리자','2019-01-22 13:53:08','0:0:0:0:0:0:0:1'),(491,'test','관리자','2019-01-22 14:15:15','0:0:0:0:0:0:0:1'),(492,'test','관리자','2019-01-22 14:57:03','0:0:0:0:0:0:0:1'),(493,'test','관리자','2019-01-22 15:17:08','0:0:0:0:0:0:0:1'),(494,'test','관리자','2019-01-22 15:42:19','0:0:0:0:0:0:0:1'),(495,'test','관리자','2019-01-22 15:47:29','0:0:0:0:0:0:0:1'),(496,'test','관리자','2019-01-22 15:53:08','0:0:0:0:0:0:0:1'),(497,'test','관리자','2019-01-22 15:58:36','0:0:0:0:0:0:0:1'),(498,'test','관리자','2019-01-22 15:59:36','0:0:0:0:0:0:0:1'),(499,'test','관리자','2019-01-22 16:14:58','0:0:0:0:0:0:0:1'),(500,'test','관리자','2019-01-22 16:18:22','0:0:0:0:0:0:0:1'),(501,'test','관리자','2019-01-22 16:23:07','0:0:0:0:0:0:0:1'),(502,'test','관리자','2019-01-22 16:30:25','0:0:0:0:0:0:0:1'),(503,'test','관리자','2019-01-22 16:34:04','0:0:0:0:0:0:0:1'),(504,'test','관리자','2019-01-22 17:31:51','0:0:0:0:0:0:0:1'),(505,'test','관리자','2019-01-23 10:09:05','0:0:0:0:0:0:0:1'),(506,'test','관리자','2019-01-23 12:08:58','0:0:0:0:0:0:0:1'),(507,'test','관리자','2019-01-23 14:26:38','0:0:0:0:0:0:0:1'),(508,'test','관리자','2019-01-23 15:39:14','0:0:0:0:0:0:0:1'),(509,'test','관리자','2019-01-23 16:13:38','0:0:0:0:0:0:0:1'),(510,'test','관리자','2019-01-23 16:51:22','0:0:0:0:0:0:0:1'),(511,'test','관리자','2019-01-23 16:54:46','0:0:0:0:0:0:0:1'),(512,'test','관리자','2019-01-24 13:48:38','0:0:0:0:0:0:0:1'),(513,'test','관리자','2019-01-24 14:02:20','0:0:0:0:0:0:0:1'),(514,'test','관리자','2019-01-24 14:02:53','0:0:0:0:0:0:0:1'),(515,'test','관리자','2019-01-24 14:08:12','0:0:0:0:0:0:0:1'),(516,'test','관리자','2019-01-24 14:22:48','0:0:0:0:0:0:0:1'),(517,'test','관리자','2019-01-24 15:13:40','0:0:0:0:0:0:0:1'),(518,'test','관리자','2019-01-24 17:29:56','0:0:0:0:0:0:0:1'),(519,'test','관리자','2019-01-24 17:37:27','0:0:0:0:0:0:0:1'),(520,'test','관리자','2019-01-24 17:58:14','0:0:0:0:0:0:0:1'),(521,'test','관리자','2019-01-24 18:05:41','0:0:0:0:0:0:0:1'),(522,'test','관리자','2019-01-25 11:11:39','0:0:0:0:0:0:0:1'),(523,'test','관리자','2019-01-25 11:13:26','0:0:0:0:0:0:0:1'),(524,'test','관리자','2019-01-25 14:04:16','0:0:0:0:0:0:0:1'),(525,'test','관리자','2019-01-25 14:24:32','0:0:0:0:0:0:0:1'),(526,'test','관리자','2019-01-25 15:09:00','0:0:0:0:0:0:0:1'),(527,'test','관리자','2019-01-25 15:34:42','0:0:0:0:0:0:0:1'),(528,'test','관리자','2019-01-25 16:35:57','0:0:0:0:0:0:0:1'),(529,'test','관리자','2019-01-25 16:41:04','0:0:0:0:0:0:0:1'),(530,'test','관리자','2019-01-25 17:19:17','0:0:0:0:0:0:0:1'),(531,'test','관리자','2019-01-25 17:25:38','0:0:0:0:0:0:0:1'),(532,'test','관리자','2019-01-25 17:35:14','0:0:0:0:0:0:0:1'),(533,'test','관리자','2019-01-25 17:35:53','0:0:0:0:0:0:0:1'),(534,'test','관리자','2019-01-25 17:36:01','0:0:0:0:0:0:0:1'),(535,'test','관리자','2019-01-25 17:37:58','0:0:0:0:0:0:0:1'),(536,'test','관리자','2019-01-25 17:38:11','0:0:0:0:0:0:0:1'),(537,'test','관리자','2019-01-25 17:38:20','0:0:0:0:0:0:0:1'),(538,'test','관리자','2019-01-25 17:38:53','0:0:0:0:0:0:0:1'),(539,'test','관리자','2019-01-25 17:39:05','0:0:0:0:0:0:0:1'),(540,'test','관리자','2019-01-25 17:40:09','0:0:0:0:0:0:0:1'),(541,'test','관리자','2019-01-25 17:42:03','0:0:0:0:0:0:0:1'),(542,'test','관리자','2019-01-25 17:42:08','0:0:0:0:0:0:0:1'),(543,'test','관리자','2019-01-25 17:44:44','0:0:0:0:0:0:0:1'),(544,'test','관리자','2019-01-25 17:46:31','0:0:0:0:0:0:0:1'),(545,'test','관리자','2019-01-25 17:57:15','0:0:0:0:0:0:0:1'),(546,'test','관리자','2019-01-25 18:02:28','0:0:0:0:0:0:0:1'),(547,'test','관리자','2019-01-25 18:03:35','0:0:0:0:0:0:0:1'),(548,'test','관리자','2019-01-25 18:04:23','0:0:0:0:0:0:0:1'),(549,'test','관리자','2019-01-25 18:08:34','0:0:0:0:0:0:0:1'),(550,'test','관리자','2019-01-25 18:10:31','0:0:0:0:0:0:0:1'),(551,'test','관리자','2019-01-25 18:12:38','0:0:0:0:0:0:0:1'),(552,'test','관리자','2019-01-25 18:12:48','0:0:0:0:0:0:0:1'),(553,'test','관리자','2019-01-25 18:15:27','0:0:0:0:0:0:0:1'),(554,'test','관리자','2019-01-25 18:15:29','0:0:0:0:0:0:0:1'),(555,'test','관리자','2019-01-25 18:17:36','0:0:0:0:0:0:0:1'),(556,'test','관리자','2019-01-25 18:19:52','0:0:0:0:0:0:0:1'),(557,'test','관리자','2019-01-28 09:52:48','0:0:0:0:0:0:0:1'),(558,'test','관리자','2019-01-28 10:19:08','0:0:0:0:0:0:0:1'),(559,'test','관리자','2019-01-28 10:20:14','0:0:0:0:0:0:0:1'),(560,'test','관리자','2019-01-28 10:21:33','0:0:0:0:0:0:0:1'),(561,'test','관리자','2019-01-28 10:38:44','0:0:0:0:0:0:0:1'),(562,'test','관리자','2019-01-28 10:43:39','0:0:0:0:0:0:0:1'),(563,'test','관리자','2019-01-28 10:48:33','0:0:0:0:0:0:0:1'),(564,'test','관리자','2019-01-28 11:21:02','0:0:0:0:0:0:0:1'),(565,'test','관리자','2019-01-28 11:24:49','0:0:0:0:0:0:0:1'),(566,'test','관리자','2019-01-28 11:26:05','0:0:0:0:0:0:0:1'),(567,'test','관리자','2019-01-28 11:34:41','0:0:0:0:0:0:0:1'),(568,'test','관리자','2019-01-28 11:39:14','0:0:0:0:0:0:0:1'),(569,'test','관리자','2019-01-28 11:40:59','0:0:0:0:0:0:0:1'),(570,'test','관리자','2019-01-28 11:45:02','0:0:0:0:0:0:0:1'),(571,'test','관리자','2019-01-28 11:55:29','0:0:0:0:0:0:0:1'),(572,'test','관리자','2019-01-28 12:17:11','0:0:0:0:0:0:0:1'),(573,'test','관리자','2019-01-28 13:41:32','0:0:0:0:0:0:0:1'),(574,'test','관리자','2019-01-28 13:48:24','0:0:0:0:0:0:0:1'),(575,'test','관리자','2019-01-28 13:54:02','0:0:0:0:0:0:0:1'),(576,'test','관리자','2019-01-28 14:00:11','0:0:0:0:0:0:0:1'),(577,'test','관리자','2019-01-28 14:06:14','0:0:0:0:0:0:0:1'),(578,'test','관리자','2019-01-28 14:29:36','0:0:0:0:0:0:0:1'),(579,'test','관리자','2019-01-28 14:32:02','0:0:0:0:0:0:0:1'),(580,'test','관리자','2019-01-28 14:33:07','0:0:0:0:0:0:0:1'),(581,'test','관리자','2019-01-28 14:37:11','0:0:0:0:0:0:0:1'),(582,'test','관리자','2019-01-28 14:38:54','0:0:0:0:0:0:0:1'),(583,'test','관리자','2019-01-28 14:41:31','0:0:0:0:0:0:0:1'),(584,'test','관리자','2019-01-28 15:08:28','0:0:0:0:0:0:0:1'),(585,'test','관리자','2019-01-28 15:13:30','0:0:0:0:0:0:0:1'),(586,'test','관리자','2019-01-28 15:42:48','0:0:0:0:0:0:0:1'),(587,'test','관리자','2019-01-28 16:07:26','0:0:0:0:0:0:0:1'),(588,'test','관리자','2019-01-28 16:17:29','0:0:0:0:0:0:0:1'),(589,'test','관리자','2019-01-28 16:28:58','0:0:0:0:0:0:0:1'),(590,'test','관리자','2019-01-28 16:31:36','0:0:0:0:0:0:0:1'),(591,'test','관리자','2019-01-28 16:33:17','0:0:0:0:0:0:0:1'),(592,'test','관리자','2019-01-28 17:05:06','0:0:0:0:0:0:0:1'),(593,'test','관리자','2019-01-28 17:05:46','0:0:0:0:0:0:0:1'),(594,'test','관리자','2019-01-28 17:07:15','0:0:0:0:0:0:0:1'),(595,'test','관리자','2019-01-28 17:28:58','0:0:0:0:0:0:0:1'),(596,'test','관리자','2019-01-28 17:32:02','0:0:0:0:0:0:0:1'),(597,'test','관리자','2019-01-28 17:35:59','0:0:0:0:0:0:0:1'),(598,'test','관리자','2019-01-29 10:36:56','0:0:0:0:0:0:0:1'),(599,'test','관리자','2019-01-29 10:55:05','0:0:0:0:0:0:0:1'),(600,'test','관리자','2019-01-29 10:56:22','0:0:0:0:0:0:0:1'),(601,'test','관리자','2019-01-29 16:03:20','0:0:0:0:0:0:0:1'),(602,'test','관리자','2019-01-29 16:04:09','0:0:0:0:0:0:0:1'),(603,'test','관리자','2019-01-29 16:05:05','0:0:0:0:0:0:0:1'),(604,'test','관리자','2019-01-29 16:06:43','0:0:0:0:0:0:0:1'),(605,'test','관리자','2019-01-29 16:17:26','0:0:0:0:0:0:0:1'),(606,'test','관리자','2019-01-29 17:24:19','0:0:0:0:0:0:0:1'),(607,'test','관리자','2019-01-29 17:27:20','0:0:0:0:0:0:0:1'),(608,'test','관리자','2019-01-29 17:29:27','0:0:0:0:0:0:0:1'),(609,'test','관리자','2019-01-29 17:31:19','0:0:0:0:0:0:0:1'),(610,'test','관리자','2019-01-29 17:45:55','0:0:0:0:0:0:0:1'),(611,'test','관리자','2019-01-29 17:51:15','0:0:0:0:0:0:0:1'),(612,'test','관리자','2019-01-29 17:55:01','0:0:0:0:0:0:0:1'),(613,'test','관리자','2019-01-30 09:55:04','0:0:0:0:0:0:0:1'),(614,'test','관리자','2019-01-30 10:18:07','0:0:0:0:0:0:0:1'),(615,'test','관리자','2019-01-30 10:41:12','0:0:0:0:0:0:0:1'),(616,'test','관리자','2019-01-30 10:41:50','0:0:0:0:0:0:0:1'),(617,'test','관리자','2019-01-30 10:43:40','127.0.0.1'),(618,'test','관리자','2019-01-30 11:07:54','0:0:0:0:0:0:0:1'),(619,'test','관리자','2019-01-30 11:55:53','0:0:0:0:0:0:0:1'),(620,'test','관리자','2019-01-30 13:19:17','0:0:0:0:0:0:0:1'),(621,'test','관리자','2019-01-30 13:22:55','0:0:0:0:0:0:0:1'),(622,'test','관리자','2019-01-30 13:55:30','0:0:0:0:0:0:0:1'),(623,'test','관리자','2019-01-30 13:57:29','0:0:0:0:0:0:0:1'),(624,'test','관리자','2019-01-30 13:58:57','0:0:0:0:0:0:0:1'),(625,'test','관리자','2019-01-30 14:01:57','0:0:0:0:0:0:0:1'),(626,'test','관리자','2019-01-30 14:03:13','0:0:0:0:0:0:0:1'),(627,'test','관리자','2019-01-30 15:17:40','0:0:0:0:0:0:0:1'),(628,'test','관리자','2019-01-30 15:18:31','0:0:0:0:0:0:0:1'),(629,'test','관리자','2019-01-30 15:29:33','0:0:0:0:0:0:0:1'),(630,'test','관리자','2019-01-30 15:39:19','0:0:0:0:0:0:0:1'),(631,'test','관리자','2019-01-30 15:39:40','0:0:0:0:0:0:0:1'),(632,'test','관리자','2019-01-30 16:27:20','0:0:0:0:0:0:0:1'),(633,'test','관리자','2019-01-30 16:34:27','0:0:0:0:0:0:0:1'),(634,'test','관리자','2019-01-30 16:34:58','0:0:0:0:0:0:0:1'),(635,'test','관리자','2019-01-30 16:36:24','0:0:0:0:0:0:0:1'),(636,'test','관리자','2019-01-30 16:38:56','0:0:0:0:0:0:0:1'),(637,'test','관리자','2019-01-30 16:44:17','0:0:0:0:0:0:0:1'),(638,'test','관리자','2019-01-30 16:44:53','0:0:0:0:0:0:0:1'),(639,'test','관리자','2019-01-30 17:52:27','0:0:0:0:0:0:0:1'),(640,'test','관리자','2019-01-30 18:17:16','0:0:0:0:0:0:0:1'),(641,'test','관리자','2019-01-31 11:04:04','0:0:0:0:0:0:0:1'),(642,'test','관리자','2019-01-31 11:07:21','0:0:0:0:0:0:0:1'),(643,'test','관리자','2019-01-31 11:39:16','0:0:0:0:0:0:0:1'),(644,'test','관리자','2019-01-31 11:58:08','0:0:0:0:0:0:0:1'),(645,'test','관리자','2019-01-31 12:01:48','0:0:0:0:0:0:0:1'),(646,'test','관리자','2019-01-31 13:11:01','0:0:0:0:0:0:0:1'),(647,'test','관리자','2019-01-31 14:30:45','0:0:0:0:0:0:0:1'),(648,'test','관리자','2019-01-31 14:49:20','0:0:0:0:0:0:0:1'),(649,'test','관리자','2019-01-31 14:56:49','0:0:0:0:0:0:0:1'),(650,'test','관리자','2019-01-31 15:17:46','0:0:0:0:0:0:0:1'),(651,'test','관리자','2019-02-01 10:15:45','0:0:0:0:0:0:0:1');

#
# Structure for table "article"
#

CREATE TABLE `article` (
  `article_no` int(11) NOT NULL AUTO_INCREMENT,
  `writer_id` varchar(50) NOT NULL,
  `writer_name` varchar(50) NOT NULL,
  `title` varchar(255) NOT NULL,
  `regdate` datetime NOT NULL,
  `moddate` datetime NOT NULL,
  `read_cnt` int(11) DEFAULT NULL,
  PRIMARY KEY (`article_no`)
) ENGINE=InnoDB AUTO_INCREMENT=4 DEFAULT CHARSET=utf8 ROW_FORMAT=COMPACT;

#
# Data for table "article"
#

INSERT INTO `article` VALUES (1,'test2','이상윤','제발 돼라 젭라 돼!!!','2018-12-26 16:48:01','2018-12-26 16:48:01',0),(2,'test2','이상윤','제발돼라 젭라!!','2018-12-26 16:49:04','2018-12-26 16:49:04',0),(3,'test2','이상윤','제발제발','2018-12-26 17:49:27','2018-12-26 17:49:27',0);

#
# Structure for table "article_content"
#

CREATE TABLE `article_content` (
  `article_no` int(11) NOT NULL,
  `content` text,
  PRIMARY KEY (`article_no`)
) ENGINE=InnoDB DEFAULT CHARSET=utf8 ROW_FORMAT=COMPACT;

#
# Data for table "article_content"
#

INSERT INTO `article_content` VALUES (1,'제발 돼라 젭라 돼!!!제발 돼라 젭라 돼!!!제발 돼라 젭라 돼!!!제발 돼라 젭라 돼!!!제발 돼라 젭라 돼!!!제발 돼라 젭라 돼!!!제발 돼라 젭라 돼!!!제발 돼라 젭라 돼!!!제발 돼라 젭라 돼!!!제발 돼라 젭라 돼!!!제발 돼라 젭라 돼!!!제발 돼라 젭라 돼!!!제발 돼라 젭라 돼!!!제발 돼라 젭라 돼!!!제발 돼라 젭라 돼!!!제발 돼라 젭라 돼!!!제발 돼라 젭라 돼!!!제발 돼라 젭라 돼!!!'),(2,'제발돼라 젭라!!제발돼라 젭라!!제발돼라 젭라!!제발돼라 젭라!!제발돼라 젭라!!제발돼라 젭라!!제발돼라 젭라!!제발돼라 젭라!!제발돼라 젭라!!제발돼라 젭라!!제발돼라 젭라!!제발돼라 젭라!!제발돼라 젭라!!제발돼라 젭라!!제발돼라 젭라!!제발돼라 젭라!!'),(3,'제발제발제발제발제발제발제발제발');

#
# Structure for table "calendar"
#

CREATE TABLE `calendar` (
  `today` date NOT NULL,
  `name` tinyint(4) DEFAULT NULL,
  `registerDate` timestamp NOT NULL DEFAULT CURRENT_TIMESTAMP,
  PRIMARY KEY (`today`)
) ENGINE=MyISAM DEFAULT CHARSET=euckr ROW_FORMAT=FIXED;

#
# Data for table "calendar"
#

INSERT INTO `calendar` VALUES ('2016-01-01',6,'2008-03-14 21:04:24'),('2016-01-02',7,'2008-03-14 21:04:24'),('2016-01-03',1,'2008-03-14 21:04:24'),('2016-01-04',2,'2008-03-14 21:04:24'),('2016-01-05',3,'2008-03-14 21:04:24'),('2016-01-06',4,'2008-03-14 21:04:24'),('2016-01-07',5,'2008-03-14 21:04:24'),('2016-01-08',6,'2008-03-14 21:04:24'),('2016-01-09',7,'2008-03-14 21:04:24'),('2016-01-10',1,'2008-03-14 21:04:24'),('2016-01-11',2,'2008-03-14 21:04:24'),('2016-01-12',3,'2008-03-14 21:04:25'),('2016-01-13',4,'2008-03-14 21:04:25'),('2016-01-14',5,'2008-03-14 21:04:25'),('2016-01-15',6,'2008-03-14 21:04:25'),('2016-01-16',7,'2008-03-14 21:04:25'),('2016-01-17',1,'2008-03-14 21:04:25'),('2016-01-18',2,'2008-03-14 21:04:25'),('2016-01-19',3,'2008-03-14 21:04:25'),('2016-01-20',4,'2008-03-14 21:04:25'),('2016-01-21',5,'2008-03-14 21:04:25'),('2016-01-22',6,'2008-03-14 21:04:25'),('2016-01-23',7,'2008-03-14 21:04:25'),('2016-01-24',1,'2008-03-14 21:04:25'),('2016-01-25',2,'2008-03-14 21:04:25'),('2016-01-26',3,'2008-03-14 21:04:25'),('2016-01-27',4,'2008-03-14 21:04:25'),('2016-01-28',5,'2008-03-14 21:04:25'),('2016-01-29',6,'2008-03-14 21:04:25'),('2016-01-30',7,'2008-03-14 21:04:25'),('2016-01-31',1,'2008-03-14 21:04:25'),('2016-02-01',2,'2008-03-14 21:04:25'),('2016-02-02',3,'2008-03-14 21:04:25'),('2016-02-03',4,'2008-03-14 21:04:25'),('2016-02-04',5,'2008-03-14 21:04:25'),('2016-02-05',6,'2008-03-14 21:04:25'),('2016-02-06',7,'2008-03-14 21:04:25'),('2016-02-07',1,'2008-03-14 21:04:25'),('2016-02-08',2,'2008-03-14 21:04:25'),('2016-02-09',3,'2008-03-14 21:04:25'),('2016-02-10',4,'2008-03-14 21:04:25'),('2016-02-11',5,'2008-03-14 21:04:26'),('2016-02-12',6,'2008-03-14 21:04:26'),('2016-02-13',7,'2008-03-14 21:04:26'),('2016-02-14',1,'2008-03-14 21:04:26'),('2016-02-15',2,'2008-03-14 21:04:26'),('2016-02-16',3,'2008-03-14 21:04:26'),('2016-02-17',4,'2008-03-14 21:04:26'),('2016-02-18',5,'2008-03-14 21:04:26'),('2016-02-19',6,'2008-03-14 21:04:26'),('2016-02-20',7,'2008-03-14 21:04:26'),('2016-02-21',1,'2008-03-14 21:04:26'),('2016-02-22',2,'2008-03-14 21:04:26'),('2016-02-23',3,'2008-03-14 21:04:26'),('2016-02-24',4,'2008-03-14 21:04:26'),('2016-02-25',5,'2008-03-14 21:04:26'),('2016-02-26',6,'2008-03-14 21:04:26'),('2016-02-27',7,'2008-03-14 21:04:26'),('2016-02-28',1,'2008-03-14 21:04:26'),('2016-02-29',2,'2008-03-14 21:04:26'),('2016-03-01',3,'2008-03-14 21:04:26'),('2016-03-02',4,'2008-03-14 21:04:26'),('2016-03-03',5,'2008-03-14 21:04:26'),('2016-03-04',6,'2008-03-14 21:04:26'),('2016-03-05',7,'2008-03-14 21:04:26'),('2016-03-06',1,'2008-03-14 21:04:26'),('2016-03-07',2,'2008-03-14 21:04:26'),('2016-03-08',3,'2008-03-14 21:04:26'),('2016-03-09',4,'2008-03-14 21:04:26'),('2016-03-10',5,'2008-03-14 21:04:26'),('2016-03-11',6,'2008-03-14 21:04:26'),('2016-03-12',7,'2008-03-14 21:04:26'),('2016-03-13',1,'2008-03-14 21:04:27'),('2016-03-14',2,'2008-03-14 21:04:27'),('2016-03-15',3,'2008-03-14 21:04:27'),('2016-03-16',4,'2008-03-14 21:04:27'),('2016-03-17',5,'2008-03-14 21:04:27'),('2016-03-18',6,'2008-03-14 21:04:27'),('2016-03-19',7,'2008-03-14 21:04:27'),('2016-03-20',1,'2008-03-14 21:04:27'),('2016-03-21',2,'2008-03-14 21:04:27'),('2016-03-22',3,'2008-03-14 21:04:27'),('2016-03-23',4,'2008-03-14 21:04:27'),('2016-03-24',5,'2008-03-14 21:04:27'),('2016-03-25',6,'2008-03-14 21:04:27'),('2016-03-26',7,'2008-03-14 21:04:27'),('2016-03-27',1,'2008-03-14 21:04:27'),('2016-03-28',2,'2008-03-14 21:04:27'),('2016-03-29',3,'2008-03-14 21:04:27'),('2016-03-30',4,'2008-03-14 21:04:27'),('2016-03-31',5,'2008-03-14 21:04:27'),('2016-04-01',6,'2008-03-14 21:04:27'),('2016-04-02',7,'2008-03-14 21:04:27'),('2016-04-03',1,'2008-03-14 21:04:27'),('2016-04-04',2,'2008-03-14 21:04:27'),('2016-04-05',3,'2008-03-14 21:04:27'),('2016-04-06',4,'2008-03-14 21:04:27'),('2016-04-07',5,'2008-03-14 21:04:27'),('2016-04-08',6,'2008-03-14 21:04:27'),('2016-04-09',7,'2008-03-14 21:04:27'),('2016-04-10',1,'2008-03-14 21:04:27'),('2016-04-11',2,'2008-03-14 21:04:27'),('2016-04-12',3,'2008-03-14 21:04:28'),('2016-04-13',4,'2008-03-14 21:04:28'),('2016-04-14',5,'2008-03-14 21:04:28'),('2016-04-15',6,'2008-03-14 21:04:28'),('2016-04-16',7,'2008-03-14 21:04:28'),('2016-04-17',1,'2008-03-14 21:04:28'),('2016-04-18',2,'2008-03-14 21:04:28'),('2016-04-19',3,'2008-03-14 21:04:28'),('2016-04-20',4,'2008-03-14 21:04:28'),('2016-04-21',5,'2008-03-14 21:04:28'),('2016-04-22',6,'2008-03-14 21:04:28'),('2016-04-23',7,'2008-03-14 21:04:28'),('2016-04-24',1,'2008-03-14 21:04:28'),('2016-04-25',2,'2008-03-14 21:04:28'),('2016-04-26',3,'2008-03-14 21:04:28'),('2016-04-27',4,'2008-03-14 21:04:28'),('2016-04-28',5,'2008-03-14 21:04:28'),('2016-04-29',6,'2008-03-14 21:04:28'),('2016-04-30',7,'2008-03-14 21:04:28'),('2016-05-01',1,'2008-03-14 21:04:28'),('2016-05-02',2,'2008-03-14 21:04:28'),('2016-05-03',3,'2008-03-14 21:04:28'),('2016-05-04',4,'2008-03-14 21:04:28'),('2016-05-05',5,'2008-03-14 21:04:28'),('2016-05-06',6,'2008-03-14 21:04:28'),('2016-05-07',7,'2008-03-14 21:04:28'),('2016-05-08',1,'2008-03-14 21:04:28'),('2016-05-09',2,'2008-03-14 21:04:28'),('2016-05-10',3,'2008-03-14 21:04:28'),('2016-05-11',4,'2008-03-14 21:04:28'),('2016-05-12',5,'2008-03-14 21:04:29'),('2016-05-13',6,'2008-03-14 21:04:29'),('2016-05-14',7,'2008-03-14 21:04:29'),('2016-05-15',1,'2008-03-14 21:04:29'),('2016-05-16',2,'2008-03-14 21:04:29'),('2016-05-17',3,'2008-03-14 21:04:29'),('2016-05-18',4,'2008-03-14 21:04:29'),('2016-05-19',5,'2008-03-14 21:04:29'),('2016-05-20',6,'2008-03-14 21:04:29'),('2016-05-21',7,'2008-03-14 21:04:29'),('2016-05-22',1,'2008-03-14 21:04:29'),('2016-05-23',2,'2008-03-14 21:04:29'),('2016-05-24',3,'2008-03-14 21:04:29'),('2016-05-25',4,'2008-03-14 21:04:29'),('2016-05-26',5,'2008-03-14 21:04:29'),('2016-05-27',6,'2008-03-14 21:04:29'),('2016-05-28',7,'2008-03-14 21:04:29'),('2016-05-29',1,'2008-03-14 21:04:29'),('2016-05-30',2,'2008-03-14 21:04:29'),('2016-05-31',3,'2008-03-14 21:04:29'),('2016-06-01',4,'2008-03-14 21:04:29'),('2016-06-02',5,'2008-03-14 21:04:29'),('2016-06-03',6,'2008-03-14 21:04:29'),('2016-06-04',7,'2008-03-14 21:04:29'),('2016-06-05',1,'2008-03-14 21:04:29'),('2016-06-06',2,'2008-03-14 21:04:29'),('2016-06-07',3,'2008-03-14 21:04:29'),('2016-06-08',4,'2008-03-14 21:04:29'),('2016-06-09',5,'2008-03-14 21:04:29'),('2016-06-10',6,'2008-03-14 21:04:29'),('2016-06-11',7,'2008-03-14 21:04:30'),('2016-06-12',1,'2008-03-14 21:04:32'),('2016-06-13',2,'2008-03-14 21:04:32'),('2016-06-14',3,'2008-03-14 21:04:32'),('2016-06-15',4,'2008-03-14 21:04:32'),('2016-06-16',5,'2008-03-14 21:04:32'),('2016-06-17',6,'2008-03-14 21:04:32'),('2016-06-18',7,'2008-03-14 21:04:32'),('2016-06-19',1,'2008-03-14 21:04:32'),('2016-06-20',2,'2008-03-14 21:04:32'),('2016-06-21',3,'2008-03-14 21:04:32'),('2016-06-22',4,'2008-03-14 21:04:32'),('2016-06-23',5,'2008-03-14 21:04:33'),('2016-06-24',6,'2008-03-14 21:04:33'),('2016-06-25',7,'2008-03-14 21:04:33'),('2016-06-26',1,'2008-03-14 21:04:33'),('2016-06-27',2,'2008-03-14 21:04:33'),('2016-06-28',3,'2008-03-14 21:04:33'),('2016-06-29',4,'2008-03-14 21:04:33'),('2016-06-30',5,'2008-03-14 21:04:33'),('2016-07-01',6,'2008-03-14 21:04:33'),('2016-07-02',7,'2008-03-14 21:04:33'),('2016-07-03',1,'2008-03-14 21:04:33'),('2016-07-04',2,'2008-03-14 21:04:33'),('2016-07-05',3,'2008-03-14 21:04:33'),('2016-07-06',4,'2008-03-14 21:04:33'),('2016-07-07',5,'2008-03-14 21:04:33'),('2016-07-08',6,'2008-03-14 21:04:33'),('2016-07-09',7,'2008-03-14 21:04:33'),('2016-07-10',1,'2008-03-14 21:04:33'),('2016-07-11',2,'2008-03-14 21:04:33'),('2016-07-12',3,'2008-03-14 21:04:33'),('2016-07-13',4,'2008-03-14 21:04:33'),('2016-07-14',5,'2008-03-14 21:04:33'),('2016-07-15',6,'2008-03-14 21:04:33'),('2016-07-16',7,'2008-03-14 21:04:33'),('2016-07-17',1,'2008-03-14 21:04:33'),('2016-07-18',2,'2008-03-14 21:04:33'),('2016-07-19',3,'2008-03-14 21:04:33'),('2016-07-20',4,'2008-03-14 21:04:33'),('2016-07-21',5,'2008-03-14 21:04:33'),('2016-07-22',6,'2008-03-14 21:04:33'),('2016-07-23',7,'2008-03-14 21:04:34'),('2016-07-24',1,'2008-03-14 21:04:34'),('2016-07-25',2,'2008-03-14 21:04:34'),('2016-07-26',3,'2008-03-14 21:04:34'),('2016-07-27',4,'2008-03-14 21:04:34'),('2016-07-28',5,'2008-03-14 21:04:34'),('2016-07-29',6,'2008-03-14 21:04:34'),('2016-07-30',7,'2008-03-14 21:04:34'),('2016-07-31',1,'2008-03-14 21:04:34'),('2016-08-01',2,'2008-03-14 21:04:34'),('2016-08-02',3,'2008-03-14 21:04:34'),('2016-08-03',4,'2008-03-14 21:04:34'),('2016-08-04',5,'2008-03-14 21:04:34'),('2016-08-05',6,'2008-03-14 21:04:34'),('2016-08-06',7,'2008-03-14 21:04:34'),('2016-08-07',1,'2008-03-14 21:04:34'),('2016-08-08',2,'2008-03-14 21:04:34'),('2016-08-09',3,'2008-03-14 21:04:34'),('2016-08-10',4,'2008-03-14 21:04:34'),('2016-08-11',5,'2008-03-14 21:04:34'),('2016-08-12',6,'2008-03-14 21:04:34'),('2016-08-13',7,'2008-03-14 21:04:34'),('2016-08-14',1,'2008-03-14 21:04:34'),('2016-08-15',2,'2008-03-14 21:04:34'),('2016-08-16',3,'2008-03-14 21:04:34'),('2016-08-17',4,'2008-03-14 21:04:34'),('2016-08-18',5,'2008-03-14 21:04:34'),('2016-08-19',6,'2008-03-14 21:04:34'),('2016-08-20',7,'2008-03-14 21:04:34'),('2016-08-21',1,'2008-03-14 21:04:34'),('2016-08-22',2,'2008-03-14 21:04:35'),('2016-08-23',3,'2008-03-14 21:04:35'),('2016-08-24',4,'2008-03-14 21:04:35'),('2016-08-25',5,'2008-03-14 21:04:35'),('2016-08-26',6,'2008-03-14 21:04:35'),('2016-08-27',7,'2008-03-14 21:04:35'),('2016-08-28',1,'2008-03-14 21:04:35'),('2016-08-29',2,'2008-03-14 21:04:35'),('2016-08-30',3,'2008-03-14 21:04:35'),('2016-08-31',4,'2008-03-14 21:04:35'),('2016-09-01',5,'2008-03-14 21:04:35'),('2016-09-02',6,'2008-03-14 21:04:35'),('2016-09-03',7,'2008-03-14 21:04:35'),('2016-09-04',1,'2008-03-14 21:04:35'),('2016-09-05',2,'2008-03-14 21:04:35'),('2016-09-06',3,'2008-03-14 21:04:35'),('2016-09-07',4,'2008-03-14 21:04:35'),('2016-09-08',5,'2008-03-14 21:04:35'),('2016-09-09',6,'2008-03-14 21:04:35'),('2016-09-10',7,'2008-03-14 21:04:35'),('2016-09-11',1,'2008-03-14 21:04:35'),('2016-09-12',2,'2008-03-14 21:04:35'),('2016-09-13',3,'2008-03-14 21:04:35'),('2016-09-14',4,'2008-03-14 21:04:35'),('2016-09-15',5,'2008-03-14 21:04:35'),('2016-09-16',6,'2008-03-14 21:04:35'),('2016-09-17',7,'2008-03-14 21:04:35'),('2016-09-18',1,'2008-03-14 21:04:35'),('2016-09-19',2,'2008-03-14 21:04:35'),('2016-09-20',3,'2008-03-14 21:04:35'),('2016-09-21',4,'2008-03-14 21:04:36'),('2016-09-22',5,'2008-03-14 21:04:36'),('2016-09-23',6,'2008-03-14 21:04:36'),('2016-09-24',7,'2008-03-14 21:04:36'),('2016-09-25',1,'2008-03-14 21:04:36'),('2016-09-26',2,'2008-03-14 21:04:36'),('2016-09-27',3,'2008-03-14 21:04:36'),('2016-09-28',4,'2008-03-14 21:04:36'),('2016-09-29',5,'2008-03-14 21:04:36'),('2016-09-30',6,'2008-03-14 21:04:36'),('2016-10-01',7,'2008-03-14 21:04:36'),('2016-10-02',1,'2008-03-14 21:04:36'),('2016-10-03',2,'2008-03-14 21:04:36'),('2016-10-04',3,'2008-03-14 21:04:36'),('2016-10-05',4,'2008-03-14 21:04:36'),('2016-10-06',5,'2008-03-14 21:04:36'),('2016-10-07',6,'2008-03-14 21:04:36'),('2016-10-08',7,'2008-03-14 21:04:36'),('2016-10-09',1,'2008-03-14 21:04:36'),('2016-10-10',2,'2008-03-14 21:04:36'),('2016-10-11',3,'2008-03-14 21:04:36'),('2016-10-12',4,'2008-03-14 21:04:36'),('2016-10-13',5,'2008-03-14 21:04:36'),('2016-10-14',6,'2008-03-14 21:04:36'),('2016-10-15',7,'2008-03-14 21:04:36'),('2016-10-16',1,'2008-03-14 21:04:36'),('2016-10-17',2,'2008-03-14 21:04:36'),('2016-10-18',3,'2008-03-14 21:04:36'),('2016-10-19',4,'2008-03-14 21:04:36'),('2016-10-20',5,'2008-03-14 21:04:36'),('2016-10-21',6,'2008-03-14 21:04:37'),('2016-10-22',7,'2008-03-14 21:04:37'),('2016-10-23',1,'2008-03-14 21:04:37'),('2016-10-24',2,'2008-03-14 21:04:37'),('2016-10-25',3,'2008-03-14 21:04:37'),('2016-10-26',4,'2008-03-14 21:04:37'),('2016-10-27',5,'2008-03-14 21:04:37'),('2016-10-28',6,'2008-03-14 21:04:37'),('2016-10-29',7,'2008-03-14 21:04:37'),('2016-10-30',1,'2008-03-14 21:04:37'),('2016-10-31',2,'2008-03-14 21:04:37'),('2016-11-01',3,'2008-03-14 21:04:37'),('2016-11-02',4,'2008-03-14 21:04:37'),('2016-11-03',5,'2008-03-14 21:04:37'),('2016-11-04',6,'2008-03-14 21:04:37'),('2016-11-05',7,'2008-03-14 21:04:37'),('2016-11-06',1,'2008-03-14 21:04:37'),('2016-11-07',2,'2008-03-14 21:04:37'),('2016-11-08',3,'2008-03-14 21:04:37'),('2016-11-09',4,'2008-03-14 21:04:37'),('2016-11-10',5,'2008-03-14 21:04:37'),('2016-11-11',6,'2008-03-14 21:04:37'),('2016-11-12',7,'2008-03-14 21:04:37'),('2016-11-13',1,'2008-03-14 21:04:37'),('2016-11-14',2,'2008-03-14 21:04:37'),('2016-11-15',3,'2008-03-14 21:04:37'),('2016-11-16',4,'2008-03-14 21:04:37'),('2016-11-17',5,'2008-03-14 21:04:37'),('2016-11-18',6,'2008-03-14 21:04:37'),('2016-11-19',7,'2008-03-14 21:04:37'),('2016-11-20',1,'2008-03-14 21:04:38'),('2016-11-21',2,'2008-03-14 21:04:38'),('2016-11-22',3,'2008-03-14 21:04:38'),('2016-11-23',4,'2008-03-14 21:04:38'),('2016-11-24',5,'2008-03-14 21:04:38'),('2016-11-25',6,'2008-03-14 21:04:38'),('2016-11-26',7,'2008-03-14 21:04:38'),('2016-11-27',1,'2008-03-14 21:04:38'),('2016-11-28',2,'2008-03-14 21:04:38'),('2016-11-29',3,'2008-03-14 21:04:38'),('2016-11-30',4,'2008-03-14 21:04:38'),('2016-12-01',5,'2008-03-14 21:04:38'),('2016-12-02',6,'2008-03-14 21:04:38'),('2016-12-03',7,'2008-03-14 21:04:38'),('2016-12-04',1,'2008-03-14 21:04:38'),('2016-12-05',2,'2008-03-14 21:04:38'),('2016-12-06',3,'2008-03-14 21:04:38'),('2016-12-07',4,'2008-03-14 21:04:38'),('2016-12-08',5,'2008-03-14 21:04:38'),('2016-12-09',6,'2008-03-14 21:04:38'),('2016-12-10',7,'2008-03-14 21:04:38'),('2016-12-11',1,'2008-03-14 21:04:38'),('2016-12-12',2,'2008-03-14 21:04:38'),('2016-12-13',3,'2008-03-14 21:04:38'),('2016-12-14',4,'2008-03-14 21:04:38'),('2016-12-15',5,'2008-03-14 21:04:38'),('2016-12-16',6,'2008-03-14 21:04:38'),('2016-12-17',7,'2008-03-14 21:04:38'),('2016-12-18',1,'2008-03-14 21:04:38'),('2016-12-19',2,'2008-03-14 21:04:38'),('2016-12-20',3,'2008-03-14 21:04:38'),('2016-12-21',4,'2008-03-14 21:04:39'),('2016-12-22',5,'2008-03-14 21:04:39'),('2016-12-23',6,'2008-03-14 21:04:39'),('2016-12-24',7,'2008-03-14 21:04:39'),('2016-12-25',1,'2008-03-14 21:04:39'),('2016-12-26',2,'2008-03-14 21:04:39'),('2016-12-27',3,'2008-03-14 21:04:39'),('2016-12-28',4,'2008-03-14 21:04:39'),('2016-12-29',5,'2008-03-14 21:04:39'),('2016-12-30',6,'2008-03-14 21:04:39'),('2016-12-31',7,'2008-03-14 21:04:39'),('2017-01-01',1,'2008-03-14 21:04:39'),('2017-01-02',2,'2008-03-14 21:04:39'),('2017-01-03',3,'2008-03-14 21:04:39'),('2017-01-04',4,'2008-03-14 21:04:39'),('2017-01-05',5,'2008-03-14 21:04:39'),('2017-01-06',6,'2008-03-14 21:04:39'),('2017-01-07',7,'2008-03-14 21:04:39'),('2017-01-08',1,'2008-03-14 21:04:39'),('2017-01-09',2,'2008-03-14 21:04:39'),('2017-01-10',3,'2008-03-14 21:04:39'),('2017-01-11',4,'2008-03-14 21:04:39'),('2017-01-12',5,'2008-03-14 21:04:39'),('2017-01-13',6,'2008-03-14 21:04:39'),('2017-01-14',7,'2008-03-14 21:04:39'),('2017-01-15',1,'2008-03-14 21:04:39'),('2017-01-16',2,'2008-03-14 21:04:39'),('2017-01-17',3,'2008-03-14 21:04:39'),('2017-01-18',4,'2008-03-14 21:04:39'),('2017-01-19',5,'2008-03-14 21:04:39'),('2017-01-20',6,'2008-03-14 21:04:40'),('2017-01-21',7,'2008-03-14 21:04:40'),('2017-01-22',1,'2008-03-14 21:04:40'),('2017-01-23',2,'2008-03-14 21:04:40'),('2017-01-24',3,'2008-03-14 21:04:40'),('2017-01-25',4,'2008-03-14 21:04:40'),('2017-01-26',5,'2008-03-14 21:04:40'),('2017-01-27',6,'2008-03-14 21:04:40'),('2017-01-28',7,'2008-03-14 21:04:40'),('2017-01-29',1,'2008-03-14 21:04:40'),('2017-01-30',2,'2008-03-14 21:04:40'),('2017-01-31',3,'2008-03-14 21:04:40'),('2017-02-01',4,'2008-03-14 21:04:40'),('2017-02-02',5,'2008-03-14 21:04:40'),('2017-02-03',6,'2008-03-14 21:04:40'),('2017-02-04',7,'2008-03-14 21:04:40'),('2017-02-05',1,'2008-03-14 21:04:40'),('2017-02-06',2,'2008-03-14 21:04:40'),('2017-02-07',3,'2008-03-14 21:04:40'),('2017-02-08',4,'2008-03-14 21:04:40'),('2017-02-09',5,'2008-03-14 21:04:40'),('2017-02-10',6,'2008-03-14 21:04:40'),('2017-02-11',7,'2008-03-14 21:04:40'),('2017-02-12',1,'2008-03-14 21:04:40'),('2017-02-13',2,'2008-03-14 21:04:40'),('2017-02-14',3,'2008-03-14 21:04:40'),('2017-02-15',4,'2008-03-14 21:04:40'),('2017-02-16',5,'2008-03-14 21:04:40'),('2017-02-17',6,'2008-03-14 21:04:40'),('2017-02-18',7,'2008-03-14 21:04:40'),('2017-02-19',1,'2008-03-14 21:04:41'),('2017-02-20',2,'2008-03-14 21:04:41'),('2017-02-21',3,'2008-03-14 21:04:41'),('2017-02-22',4,'2008-03-14 21:04:41'),('2017-02-23',5,'2008-03-14 21:04:41'),('2017-02-24',6,'2008-03-14 21:04:41'),('2017-02-25',7,'2008-03-14 21:04:41'),('2017-02-26',1,'2008-03-14 21:04:41'),('2017-02-27',2,'2008-03-14 21:04:41'),('2017-02-28',3,'2008-03-14 21:04:41'),('2017-03-01',4,'2008-03-14 21:04:41'),('2017-03-02',5,'2008-03-14 21:04:41'),('2017-03-03',6,'2008-03-14 21:04:41'),('2017-03-04',7,'2008-03-14 21:04:41'),('2017-03-05',1,'2008-03-14 21:04:41'),('2017-03-06',2,'2008-03-14 21:04:41'),('2017-03-07',3,'2008-03-14 21:04:41'),('2017-03-08',4,'2008-03-14 21:04:41'),('2017-03-09',5,'2008-03-14 21:04:41'),('2017-03-10',6,'2008-03-14 21:04:41'),('2017-03-11',7,'2008-03-14 21:04:41'),('2017-03-12',1,'2008-03-14 21:04:41'),('2017-03-13',2,'2008-03-14 21:04:41'),('2017-03-14',3,'2008-03-14 21:04:41'),('2017-03-15',4,'2008-03-14 21:04:41'),('2017-03-16',5,'2008-03-14 21:04:41'),('2017-03-17',6,'2008-03-14 21:04:41'),('2017-03-18',7,'2008-03-14 21:04:41'),('2017-03-19',1,'2008-03-14 21:04:41'),('2017-03-20',2,'2008-03-14 21:04:41'),('2017-03-21',3,'2008-03-14 21:04:42'),('2017-03-22',4,'2008-03-14 21:04:42'),('2017-03-23',5,'2008-03-14 21:04:42'),('2017-03-24',6,'2008-03-14 21:04:42'),('2017-03-25',7,'2008-03-14 21:04:42'),('2017-03-26',1,'2008-03-14 21:04:42'),('2017-03-27',2,'2008-03-14 21:04:42'),('2017-03-28',3,'2008-03-14 21:04:42'),('2017-03-29',4,'2008-03-14 21:04:42'),('2017-03-30',5,'2008-03-14 21:04:42'),('2017-03-31',6,'2008-03-14 21:04:42'),('2017-04-01',7,'2008-03-14 21:04:42'),('2017-04-02',1,'2008-03-14 21:04:42'),('2017-04-03',2,'2008-03-14 21:04:42'),('2017-04-04',3,'2008-03-14 21:04:42'),('2017-04-05',4,'2008-03-14 21:04:42'),('2017-04-06',5,'2008-03-14 21:04:42'),('2017-04-07',6,'2008-03-14 21:04:42'),('2017-04-08',7,'2008-03-14 21:04:42'),('2017-04-09',1,'2008-03-14 21:04:42'),('2017-04-10',2,'2008-03-14 21:04:42'),('2017-04-11',3,'2008-03-14 21:04:42'),('2017-04-12',4,'2008-03-14 21:04:42'),('2017-04-13',5,'2008-03-14 21:04:42'),('2017-04-14',6,'2008-03-14 21:04:42'),('2017-04-15',7,'2008-03-14 21:04:42'),('2017-04-16',1,'2008-03-14 21:04:42'),('2017-04-17',2,'2008-03-14 21:04:42'),('2017-04-18',3,'2008-03-14 21:04:42'),('2017-04-19',4,'2008-03-14 21:04:42'),('2017-04-20',5,'2008-03-14 21:04:43'),('2017-04-21',6,'2008-03-14 21:04:43'),('2017-04-22',7,'2008-03-14 21:04:43'),('2017-04-23',1,'2008-03-14 21:04:43'),('2017-04-24',2,'2008-03-14 21:04:43'),('2017-04-25',3,'2008-03-14 21:04:43'),('2017-04-26',4,'2008-03-14 21:04:43'),('2017-04-27',5,'2008-03-14 21:04:43'),('2017-04-28',6,'2008-03-14 21:04:43'),('2017-04-29',7,'2008-03-14 21:04:43'),('2017-04-30',1,'2008-03-14 21:04:43'),('2017-05-01',2,'2008-03-14 21:04:43'),('2017-05-02',3,'2008-03-14 21:04:43'),('2017-05-03',4,'2008-03-14 21:04:43'),('2017-05-04',5,'2008-03-14 21:04:43'),('2017-05-05',6,'2008-03-14 21:04:43'),('2017-05-06',7,'2008-03-14 21:04:43'),('2017-05-07',1,'2008-03-14 21:04:43'),('2017-05-08',2,'2008-03-14 21:04:43'),('2017-05-09',3,'2008-03-14 21:04:43'),('2017-05-10',4,'2008-03-14 21:04:43'),('2017-05-11',5,'2008-03-14 21:04:43'),('2017-05-12',6,'2008-03-14 21:04:43'),('2017-05-13',7,'2008-03-14 21:04:43'),('2017-05-14',1,'2008-03-14 21:04:43'),('2017-05-15',2,'2008-03-14 21:04:43'),('2017-05-16',3,'2008-03-14 21:04:43'),('2017-05-17',4,'2008-03-14 21:04:43'),('2017-05-18',5,'2008-03-14 21:04:43'),('2017-05-19',6,'2008-03-14 21:04:43'),('2017-05-20',7,'2008-03-14 21:04:44'),('2017-05-21',1,'2008-03-14 21:04:44'),('2017-05-22',2,'2008-03-14 21:04:44'),('2017-05-23',3,'2008-03-14 21:04:44'),('2017-05-24',4,'2008-03-14 21:04:44'),('2017-05-25',5,'2008-03-14 21:04:44'),('2017-05-26',6,'2008-03-14 21:04:44'),('2017-05-27',7,'2008-03-14 21:04:44'),('2017-05-28',1,'2008-03-14 21:04:44'),('2017-05-29',2,'2008-03-14 21:04:44'),('2017-05-30',3,'2008-03-14 21:04:44'),('2017-05-31',4,'2008-03-14 21:04:44'),('2017-06-01',5,'2008-03-14 21:04:44'),('2017-06-02',6,'2008-03-14 21:04:44'),('2017-06-03',7,'2008-03-14 21:04:44'),('2017-06-04',1,'2008-03-14 21:04:44'),('2017-06-05',2,'2008-03-14 21:04:44'),('2017-06-06',3,'2008-03-14 21:04:44'),('2017-06-07',4,'2008-03-14 21:04:44'),('2017-06-08',5,'2008-03-14 21:04:44'),('2017-06-09',6,'2008-03-14 21:04:44'),('2017-06-10',7,'2008-03-14 21:04:44'),('2017-06-11',1,'2008-03-14 21:04:44'),('2017-06-12',2,'2008-03-14 21:04:44'),('2017-06-13',3,'2008-03-14 21:04:44'),('2017-06-14',4,'2008-03-14 21:04:44'),('2017-06-15',5,'2008-03-14 21:04:44'),('2017-06-16',6,'2008-03-14 21:04:44'),('2017-06-17',7,'2008-03-14 21:04:44'),('2017-06-18',1,'2008-03-14 21:04:44'),('2017-06-19',2,'2008-03-14 21:04:45'),('2017-06-20',3,'2008-03-14 21:04:45'),('2017-06-21',4,'2008-03-14 21:04:45'),('2017-06-22',5,'2008-03-14 21:04:45'),('2017-06-23',6,'2008-03-14 21:04:45'),('2017-06-24',7,'2008-03-14 21:04:45'),('2017-06-25',1,'2008-03-14 21:04:45'),('2017-06-26',2,'2008-03-14 21:04:45'),('2017-06-27',3,'2008-03-14 21:04:45'),('2017-06-28',4,'2008-03-14 21:04:45'),('2017-06-29',5,'2008-03-14 21:04:45'),('2017-06-30',6,'2008-03-14 21:04:45'),('2017-07-01',7,'2008-03-14 21:04:45'),('2017-07-02',1,'2008-03-14 21:04:45'),('2017-07-03',2,'2008-03-14 21:04:45'),('2017-07-04',3,'2008-03-14 21:04:45'),('2017-07-05',4,'2008-03-14 21:04:45'),('2017-07-06',5,'2008-03-14 21:04:45'),('2017-07-07',6,'2008-03-14 21:04:45'),('2017-07-08',7,'2008-03-14 21:04:45'),('2017-07-09',1,'2008-03-14 21:04:45'),('2017-07-10',2,'2008-03-14 21:04:45'),('2017-07-11',3,'2008-03-14 21:04:45'),('2017-07-12',4,'2008-03-14 21:04:45'),('2017-07-13',5,'2008-03-14 21:04:45'),('2017-07-14',6,'2008-03-14 21:04:45'),('2017-07-15',7,'2008-03-14 21:04:45'),('2017-07-16',1,'2008-03-14 21:04:45'),('2017-07-17',2,'2008-03-14 21:04:45'),('2017-07-18',3,'2008-03-14 21:04:45'),('2017-07-19',4,'2008-03-14 21:04:46'),('2017-07-20',5,'2008-03-14 21:04:46'),('2017-07-21',6,'2008-03-14 21:04:46'),('2017-07-22',7,'2008-03-14 21:04:46'),('2017-07-23',1,'2008-03-14 21:04:46'),('2017-07-24',2,'2008-03-14 21:04:46'),('2017-07-25',3,'2008-03-14 21:04:46'),('2017-07-26',4,'2008-03-14 21:04:46'),('2017-07-27',5,'2008-03-14 21:04:46'),('2017-07-28',6,'2008-03-14 21:04:46'),('2017-07-29',7,'2008-03-14 21:04:46'),('2017-07-30',1,'2008-03-14 21:04:46'),('2017-07-31',2,'2008-03-14 21:04:46'),('2017-08-01',3,'2008-03-14 21:04:46'),('2017-08-02',4,'2008-03-14 21:04:46'),('2017-08-03',5,'2008-03-14 21:04:46'),('2017-08-04',6,'2008-03-14 21:04:46'),('2017-08-05',7,'2008-03-14 21:04:46'),('2017-08-06',1,'2008-03-14 21:04:46'),('2017-08-07',2,'2008-03-14 21:04:46'),('2017-08-08',3,'2008-03-14 21:04:46'),('2017-08-09',4,'2008-03-14 21:04:46'),('2017-08-10',5,'2008-03-14 21:04:46'),('2017-08-11',6,'2008-03-14 21:04:46'),('2017-08-12',7,'2008-03-14 21:04:46'),('2017-08-13',1,'2008-03-14 21:04:46'),('2017-08-14',2,'2008-03-14 21:04:46'),('2017-08-15',3,'2008-03-14 21:04:46'),('2017-08-16',4,'2008-03-14 21:04:46'),('2017-08-17',5,'2008-03-14 21:04:46'),('2017-08-18',6,'2008-03-14 21:04:47'),('2017-08-19',7,'2008-03-14 21:04:47'),('2017-08-20',1,'2008-03-14 21:04:47'),('2017-08-21',2,'2008-03-14 21:04:47'),('2017-08-22',3,'2008-03-14 21:04:47'),('2017-08-23',4,'2008-03-14 21:04:47'),('2017-08-24',5,'2008-03-14 21:04:47'),('2017-08-25',6,'2008-03-14 21:04:47'),('2017-08-26',7,'2008-03-14 21:04:47'),('2017-08-27',1,'2008-03-14 21:04:47'),('2017-08-28',2,'2008-03-14 21:04:47'),('2017-08-29',3,'2008-03-14 21:04:47'),('2017-08-30',4,'2008-03-14 21:04:47'),('2017-08-31',5,'2008-03-14 21:04:47'),('2017-09-01',6,'2008-03-14 21:04:47'),('2017-09-02',7,'2008-03-14 21:04:47'),('2017-09-03',1,'2008-03-14 21:04:47'),('2017-09-04',2,'2008-03-14 21:04:47'),('2017-09-05',3,'2008-03-14 21:04:47'),('2017-09-06',4,'2008-03-14 21:04:47'),('2017-09-07',5,'2008-03-14 21:04:47'),('2017-09-08',6,'2008-03-14 21:04:47'),('2017-09-09',7,'2008-03-14 21:04:47'),('2017-09-10',1,'2008-03-14 21:04:47'),('2017-09-11',2,'2008-03-14 21:04:47'),('2017-09-12',3,'2008-03-14 21:04:47'),('2017-09-13',4,'2008-03-14 21:04:47'),('2017-09-14',5,'2008-03-14 21:04:47'),('2017-09-15',6,'2008-03-14 21:04:47'),('2017-09-16',7,'2008-03-14 21:04:47'),('2017-09-17',1,'2008-03-14 21:04:47'),('2017-09-18',2,'2008-03-14 21:04:48'),('2017-09-19',3,'2008-03-14 21:04:48'),('2017-09-20',4,'2008-03-14 21:04:48'),('2017-09-21',5,'2008-03-14 21:04:48'),('2017-09-22',6,'2008-03-14 21:04:48'),('2017-09-23',7,'2008-03-14 21:04:48'),('2017-09-24',1,'2008-03-14 21:04:48'),('2017-09-25',2,'2008-03-14 21:04:48'),('2017-09-26',3,'2008-03-14 21:04:48'),('2017-09-27',4,'2008-03-14 21:04:48'),('2017-09-28',5,'2008-03-14 21:04:48'),('2017-09-29',6,'2008-03-14 21:04:48'),('2017-09-30',7,'2008-03-14 21:04:48'),('2017-10-01',1,'2008-03-14 21:04:48'),('2017-10-02',2,'2008-03-14 21:04:48'),('2017-10-03',3,'2008-03-14 21:04:48'),('2017-10-04',4,'2008-03-14 21:04:48'),('2017-10-05',5,'2008-03-14 21:04:48'),('2017-10-06',6,'2008-03-14 21:04:48'),('2017-10-07',7,'2008-03-14 21:04:48'),('2017-10-08',1,'2008-03-14 21:04:48'),('2017-10-09',2,'2008-03-14 21:04:48'),('2017-10-10',3,'2008-03-14 21:04:48'),('2017-10-11',4,'2008-03-14 21:04:48'),('2017-10-12',5,'2008-03-14 21:04:48'),('2017-10-13',6,'2008-03-14 21:04:48'),('2017-10-14',7,'2008-03-14 21:04:48'),('2017-10-15',1,'2008-03-14 21:04:48'),('2017-10-16',2,'2008-03-14 21:04:48'),('2017-10-17',3,'2008-03-14 21:04:48'),('2017-10-18',4,'2008-03-14 21:04:49'),('2017-10-19',5,'2008-03-14 21:04:49'),('2017-10-20',6,'2008-03-14 21:04:49'),('2017-10-21',7,'2008-03-14 21:04:49'),('2017-10-22',1,'2008-03-14 21:04:49'),('2017-10-23',2,'2008-03-14 21:04:49'),('2017-10-24',3,'2008-03-14 21:04:49'),('2017-10-25',4,'2008-03-14 21:04:49'),('2017-10-26',5,'2008-03-14 21:04:49'),('2017-10-27',6,'2008-03-14 21:04:49'),('2017-10-28',7,'2008-03-14 21:04:49'),('2017-10-29',1,'2008-03-14 21:04:49'),('2017-10-30',2,'2008-03-14 21:04:49'),('2017-10-31',3,'2008-03-14 21:04:49'),('2017-11-01',4,'2008-03-14 21:04:49'),('2017-11-02',5,'2008-03-14 21:04:49'),('2017-11-03',6,'2008-03-14 21:04:49'),('2017-11-04',7,'2008-03-14 21:04:49'),('2017-11-05',1,'2008-03-14 21:04:49'),('2017-11-06',2,'2008-03-14 21:04:49'),('2017-11-07',3,'2008-03-14 21:04:49'),('2017-11-08',4,'2008-03-14 21:04:49'),('2017-11-09',5,'2008-03-14 21:04:49'),('2017-11-10',6,'2008-03-14 21:04:49'),('2017-11-11',7,'2008-03-14 21:04:49'),('2017-11-12',1,'2008-03-14 21:04:49'),('2017-11-13',2,'2008-03-14 21:04:49'),('2017-11-14',3,'2008-03-14 21:04:49'),('2017-11-15',4,'2008-03-14 21:04:49'),('2017-11-16',5,'2008-03-14 21:04:49'),('2017-11-17',6,'2008-03-14 21:04:50'),('2017-11-18',7,'2008-03-14 21:04:50'),('2017-11-19',1,'2008-03-14 21:04:50'),('2017-11-20',2,'2008-03-14 21:04:50'),('2017-11-21',3,'2008-03-14 21:04:50'),('2017-11-22',4,'2008-03-14 21:04:50'),('2017-11-23',5,'2008-03-14 21:04:50'),('2017-11-24',6,'2008-03-14 21:04:50'),('2017-11-25',7,'2008-03-14 21:04:50'),('2017-11-26',1,'2008-03-14 21:04:50'),('2017-11-27',2,'2008-03-14 21:04:50'),('2017-11-28',3,'2008-03-14 21:04:50'),('2017-11-29',4,'2008-03-14 21:04:50'),('2017-11-30',5,'2008-03-14 21:04:50'),('2017-12-01',6,'2008-03-14 21:04:50'),('2017-12-02',7,'2008-03-14 21:04:50'),('2017-12-03',1,'2008-03-14 21:04:50'),('2017-12-04',2,'2008-03-14 21:04:50'),('2017-12-05',3,'2008-03-14 21:04:50'),('2017-12-06',4,'2008-03-14 21:04:50'),('2017-12-07',5,'2008-03-14 21:04:50'),('2017-12-08',6,'2008-03-14 21:04:50'),('2017-12-09',7,'2008-03-14 21:04:50'),('2017-12-10',1,'2008-03-14 21:04:50'),('2017-12-11',2,'2008-03-14 21:04:50'),('2017-12-12',3,'2008-03-14 21:04:50'),('2017-12-13',4,'2008-03-14 21:04:50'),('2017-12-14',5,'2008-03-14 21:04:50'),('2017-12-15',6,'2008-03-14 21:04:50'),('2017-12-16',7,'2008-03-14 21:04:50'),('2017-12-17',1,'2008-03-14 21:04:51'),('2017-12-18',2,'2008-03-14 21:04:51'),('2017-12-19',3,'2008-03-14 21:04:51'),('2017-12-20',4,'2008-03-14 21:04:51'),('2017-12-21',5,'2008-03-14 21:04:51'),('2017-12-22',6,'2008-03-14 21:04:51'),('2017-12-23',7,'2008-03-14 21:04:51'),('2017-12-24',1,'2008-03-14 21:04:51'),('2017-12-25',2,'2008-03-14 21:04:51'),('2017-12-26',3,'2008-03-14 21:04:51'),('2017-12-27',4,'2008-03-14 21:04:51'),('2017-12-28',5,'2008-03-14 21:04:51'),('2017-12-29',6,'2008-03-14 21:04:51'),('2017-12-30',7,'2008-03-14 21:04:51'),('2017-12-31',1,'2008-03-14 21:04:51'),('2018-01-01',2,'2008-03-14 21:04:51'),('2018-01-02',3,'2008-03-14 21:04:51'),('2018-01-03',4,'2008-03-14 21:04:51'),('2018-01-04',5,'2008-03-14 21:04:51'),('2018-01-05',6,'2008-03-14 21:04:51'),('2018-01-06',7,'2008-03-14 21:04:51'),('2018-01-07',1,'2008-03-14 21:04:51'),('2018-01-08',2,'2008-03-14 21:04:51'),('2018-01-09',3,'2008-03-14 21:04:51'),('2018-01-10',4,'2008-03-14 21:04:51'),('2018-01-11',5,'2008-03-14 21:04:51'),('2018-01-12',6,'2008-03-14 21:04:51'),('2018-01-13',7,'2008-03-14 21:04:51'),('2018-01-14',1,'2008-03-14 21:04:51'),('2018-01-15',2,'2008-03-14 21:04:51'),('2018-01-16',3,'2008-03-14 21:04:52'),('2018-01-17',4,'2008-03-14 21:04:52'),('2018-01-18',5,'2008-03-14 21:04:52'),('2018-01-19',6,'2008-03-14 21:04:52'),('2018-01-20',7,'2008-03-14 21:04:52'),('2018-01-21',1,'2008-03-14 21:04:52'),('2018-01-22',2,'2008-03-14 21:04:52'),('2018-01-23',3,'2008-03-14 21:04:52'),('2018-01-24',4,'2008-03-14 21:04:52'),('2018-01-25',5,'2008-03-14 21:04:52'),('2018-01-26',6,'2008-03-14 21:04:52'),('2018-01-27',7,'2008-03-14 21:04:52'),('2018-01-28',1,'2008-03-14 21:04:52'),('2018-01-29',2,'2008-03-14 21:04:52'),('2018-01-30',3,'2008-03-14 21:04:52'),('2018-01-31',4,'2008-03-14 21:04:52'),('2018-02-01',5,'2008-03-14 21:04:52'),('2018-02-02',6,'2008-03-14 21:04:52'),('2018-02-03',7,'2008-03-14 21:04:52'),('2018-02-04',1,'2008-03-14 21:04:52'),('2018-02-05',2,'2008-03-14 21:04:52'),('2018-02-06',3,'2008-03-14 21:04:52'),('2018-02-07',4,'2008-03-14 21:04:52'),('2018-02-08',5,'2008-03-14 21:04:52'),('2018-02-09',6,'2008-03-14 21:04:52'),('2018-02-10',7,'2008-03-14 21:04:52'),('2018-02-11',1,'2008-03-14 21:04:52'),('2018-02-12',2,'2008-03-14 21:04:52'),('2018-02-13',3,'2008-03-14 21:04:52'),('2018-02-14',4,'2008-03-14 21:04:52'),('2018-02-15',5,'2008-03-14 21:04:53'),('2018-02-16',6,'2008-03-14 21:04:53'),('2018-02-17',7,'2008-03-14 21:04:53'),('2018-02-18',1,'2008-03-14 21:04:53'),('2018-02-19',2,'2008-03-14 21:04:53'),('2018-02-20',3,'2008-03-14 21:04:53'),('2018-02-21',4,'2008-03-14 21:04:53'),('2018-02-22',5,'2008-03-14 21:04:53'),('2018-02-23',6,'2008-03-14 21:04:53'),('2018-02-24',7,'2008-03-14 21:04:53'),('2018-02-25',1,'2008-03-14 21:04:53'),('2018-02-26',2,'2008-03-14 21:04:53'),('2018-02-27',3,'2008-03-14 21:04:53'),('2018-02-28',4,'2008-03-14 21:04:53'),('2018-03-01',5,'2008-03-14 21:04:53'),('2018-03-02',6,'2008-03-14 21:04:53'),('2018-03-03',7,'2008-03-14 21:04:53'),('2018-03-04',1,'2008-03-14 21:04:53'),('2018-03-05',2,'2008-03-14 21:04:53'),('2018-03-06',3,'2008-03-14 21:04:53'),('2018-03-07',4,'2008-03-14 21:04:53'),('2018-03-08',5,'2008-03-14 21:04:53'),('2018-03-09',6,'2008-03-14 21:04:53'),('2018-03-10',7,'2008-03-14 21:04:53'),('2018-03-11',1,'2008-03-14 21:04:53'),('2018-03-12',2,'2008-03-14 21:04:53'),('2018-03-13',3,'2008-03-14 21:04:53'),('2018-03-14',4,'2008-03-14 21:04:53'),('2018-03-15',5,'2008-03-14 21:04:53'),('2018-03-16',6,'2008-03-14 21:04:53'),('2018-03-17',7,'2008-03-14 21:04:54'),('2018-03-18',1,'2008-03-14 21:04:54'),('2018-03-19',2,'2008-03-14 21:04:54'),('2018-03-20',3,'2008-03-14 21:04:54'),('2018-03-21',4,'2008-03-14 21:04:54'),('2018-03-22',5,'2008-03-14 21:04:54'),('2018-03-23',6,'2008-03-14 21:04:54'),('2018-03-24',7,'2008-03-14 21:04:54'),('2018-03-25',1,'2008-03-14 21:04:54'),('2018-03-26',2,'2008-03-14 21:04:54'),('2018-03-27',3,'2008-03-14 21:04:54'),('2018-03-28',4,'2008-03-14 21:04:54'),('2018-03-29',5,'2008-03-14 21:04:54'),('2018-03-30',6,'2008-03-14 21:04:54'),('2018-03-31',7,'2008-03-14 21:04:54'),('2018-04-01',1,'2008-03-14 21:04:54'),('2018-04-02',2,'2008-03-14 21:04:54'),('2018-04-03',3,'2008-03-14 21:04:54'),('2018-04-04',4,'2008-03-14 21:04:54'),('2018-04-05',5,'2008-03-14 21:04:54'),('2018-04-06',6,'2008-03-14 21:04:54'),('2018-04-07',7,'2008-03-14 21:04:54'),('2018-04-08',1,'2008-03-14 21:04:54'),('2018-04-09',2,'2008-03-14 21:04:54'),('2018-04-10',3,'2008-03-14 21:04:54'),('2018-04-11',4,'2008-03-14 21:04:54'),('2018-04-12',5,'2008-03-14 21:04:54'),('2018-04-13',6,'2008-03-14 21:04:54'),('2018-04-14',7,'2008-03-14 21:04:54'),('2018-04-15',1,'2008-03-14 21:04:54'),('2018-04-16',2,'2008-03-14 21:04:55'),('2018-04-17',3,'2008-03-14 21:04:55'),('2018-04-18',4,'2008-03-14 21:04:55'),('2018-04-19',5,'2008-03-14 21:04:55'),('2018-04-20',6,'2008-03-14 21:04:55'),('2018-04-21',7,'2008-03-14 21:04:55'),('2018-04-22',1,'2008-03-14 21:04:55'),('2018-04-23',2,'2008-03-14 21:04:55'),('2018-04-24',3,'2008-03-14 21:04:55'),('2018-04-25',4,'2008-03-14 21:04:55'),('2018-04-26',5,'2008-03-14 21:04:55'),('2018-04-27',6,'2008-03-14 21:04:55'),('2018-04-28',7,'2008-03-14 21:04:55'),('2018-04-29',1,'2008-03-14 21:04:55'),('2018-04-30',2,'2008-03-14 21:04:55'),('2018-05-01',3,'2008-03-14 21:04:55'),('2018-05-02',4,'2008-03-14 21:04:55'),('2018-05-03',5,'2008-03-14 21:04:55'),('2018-05-04',6,'2008-03-14 21:04:55'),('2018-05-05',7,'2008-03-14 21:04:55'),('2018-05-06',1,'2008-03-14 21:04:55'),('2018-05-07',2,'2008-03-14 21:04:55'),('2018-05-08',3,'2008-03-14 21:04:55'),('2018-05-09',4,'2008-03-14 21:04:55'),('2018-05-10',5,'2008-03-14 21:04:55'),('2018-05-11',6,'2008-03-14 21:04:55'),('2018-05-12',7,'2008-03-14 21:04:55'),('2018-05-13',1,'2008-03-14 21:04:55'),('2018-05-14',2,'2008-03-14 21:04:55'),('2018-05-15',3,'2008-03-14 21:04:55'),('2018-05-16',4,'2008-03-14 21:04:55'),('2018-05-17',5,'2008-03-14 21:04:56'),('2018-05-18',6,'2008-03-14 21:04:56'),('2018-05-19',7,'2008-03-14 21:04:56'),('2018-05-20',1,'2008-03-14 21:04:56'),('2018-05-21',2,'2008-03-14 21:04:56'),('2018-05-22',3,'2008-03-14 21:04:56'),('2018-05-23',4,'2008-03-14 21:04:56'),('2018-05-24',5,'2008-03-14 21:04:56'),('2018-05-25',6,'2008-03-14 21:04:56'),('2018-05-26',7,'2008-03-14 21:04:56'),('2018-05-27',1,'2008-03-14 21:04:56'),('2018-05-28',2,'2008-03-14 21:04:56'),('2018-05-29',3,'2008-03-14 21:04:56'),('2018-05-30',4,'2008-03-14 21:04:56'),('2018-05-31',5,'2008-03-14 21:04:56'),('2018-06-01',6,'2008-03-14 21:04:56'),('2018-06-02',7,'2008-03-14 21:04:56'),('2018-06-03',1,'2008-03-14 21:04:56'),('2018-06-04',2,'2008-03-14 21:04:56'),('2018-06-05',3,'2008-03-14 21:04:56'),('2018-06-06',4,'2008-03-14 21:04:56'),('2018-06-07',5,'2008-03-14 21:04:56'),('2018-06-08',6,'2008-03-14 21:04:56'),('2018-06-09',7,'2008-03-14 21:04:56'),('2018-06-10',1,'2008-03-14 21:04:56'),('2018-06-11',2,'2008-03-14 21:04:56'),('2018-06-12',3,'2008-03-14 21:04:56'),('2018-06-13',4,'2008-03-14 21:04:56'),('2018-06-14',5,'2008-03-14 21:04:56'),('2018-06-15',6,'2008-03-14 21:04:56'),('2018-06-16',7,'2008-03-14 21:04:57'),('2018-06-17',1,'2008-03-14 21:04:57'),('2018-06-18',2,'2008-03-14 21:04:57'),('2018-06-19',3,'2008-03-14 21:04:57'),('2018-06-20',4,'2008-03-14 21:04:57'),('2018-06-21',5,'2008-03-14 21:04:57'),('2018-06-22',6,'2008-03-14 21:04:57'),('2018-06-23',7,'2008-03-14 21:04:57'),('2018-06-24',1,'2008-03-14 21:04:57'),('2018-06-25',2,'2008-03-14 21:04:57'),('2018-06-26',3,'2008-03-14 21:04:57'),('2018-06-27',4,'2008-03-14 21:04:57'),('2018-06-28',5,'2008-03-14 21:04:57'),('2018-06-29',6,'2008-03-14 21:04:57'),('2018-06-30',7,'2008-03-14 21:04:57'),('2018-07-01',1,'2008-03-14 21:04:57'),('2018-07-02',2,'2008-03-14 21:04:57'),('2018-07-03',3,'2008-03-14 21:04:57'),('2018-07-04',4,'2008-03-14 21:04:57'),('2018-07-05',5,'2008-03-14 21:04:57'),('2018-07-06',6,'2008-03-14 21:04:57'),('2018-07-07',7,'2008-03-14 21:04:57'),('2018-07-08',1,'2008-03-14 21:04:57'),('2018-07-09',2,'2008-03-14 21:04:57'),('2018-07-10',3,'2008-03-14 21:04:57'),('2018-07-11',4,'2008-03-14 21:04:57'),('2018-07-12',5,'2008-03-14 21:04:57'),('2018-07-13',6,'2008-03-14 21:04:57'),('2018-07-14',7,'2008-03-14 21:04:57'),('2018-07-15',1,'2008-03-14 21:04:57'),('2018-07-16',2,'2008-03-14 21:04:58'),('2018-07-17',3,'2008-03-14 21:04:58'),('2018-07-18',4,'2008-03-14 21:04:58'),('2018-07-19',5,'2008-03-14 21:04:58'),('2018-07-20',6,'2008-03-14 21:04:58'),('2018-07-21',7,'2008-03-14 21:04:58'),('2018-07-22',1,'2008-03-14 21:04:58'),('2018-07-23',2,'2008-03-14 21:04:58'),('2018-07-24',3,'2008-03-14 21:04:58'),('2018-07-25',4,'2008-03-14 21:04:58'),('2018-07-26',5,'2008-03-14 21:04:58'),('2018-07-27',6,'2008-03-14 21:04:58'),('2018-07-28',7,'2008-03-14 21:04:58'),('2018-07-29',1,'2008-03-14 21:04:58'),('2018-07-30',2,'2008-03-14 21:04:58'),('2018-07-31',3,'2008-03-14 21:04:58'),('2018-08-01',4,'2008-03-14 21:04:58'),('2018-08-02',5,'2008-03-14 21:04:58'),('2018-08-03',6,'2008-03-14 21:04:58'),('2018-08-04',7,'2008-03-14 21:04:58'),('2018-08-05',1,'2008-03-14 21:04:58'),('2018-08-06',2,'2008-03-14 21:04:58'),('2018-08-07',3,'2008-03-14 21:04:58'),('2018-08-08',4,'2008-03-14 21:04:58'),('2018-08-09',5,'2008-03-14 21:04:58'),('2018-08-10',6,'2008-03-14 21:04:58'),('2018-08-11',7,'2008-03-14 21:04:58'),('2018-08-12',1,'2008-03-14 21:04:58'),('2018-08-13',2,'2008-03-14 21:04:58'),('2018-08-14',3,'2008-03-14 21:04:58'),('2018-08-15',4,'2008-03-14 21:04:59'),('2018-08-16',5,'2008-03-14 21:04:59'),('2018-08-17',6,'2008-03-14 21:04:59'),('2018-08-18',7,'2008-03-14 21:04:59'),('2018-08-19',1,'2008-03-14 21:04:59'),('2018-08-20',2,'2008-03-14 21:04:59'),('2018-08-21',3,'2008-03-14 21:04:59'),('2018-08-22',4,'2008-03-14 21:04:59'),('2018-08-23',5,'2008-03-14 21:04:59'),('2018-08-24',6,'2008-03-14 21:04:59'),('2018-08-25',7,'2008-03-14 21:04:59'),('2018-08-26',1,'2008-03-14 21:04:59'),('2018-08-27',2,'2008-03-14 21:04:59'),('2018-08-28',3,'2008-03-14 21:04:59'),('2018-08-29',4,'2008-03-14 21:04:59'),('2018-08-30',5,'2008-03-14 21:04:59'),('2018-08-31',6,'2008-03-14 21:04:59'),('2018-09-01',7,'2008-03-14 21:04:59'),('2018-09-02',1,'2008-03-14 21:04:59'),('2018-09-03',2,'2008-03-14 21:04:59'),('2018-09-04',3,'2008-03-14 21:04:59'),('2018-09-05',4,'2008-03-14 21:04:59'),('2018-09-06',5,'2008-03-14 21:04:59'),('2018-09-07',6,'2008-03-14 21:04:59'),('2018-09-08',7,'2008-03-14 21:04:59'),('2018-09-09',1,'2008-03-14 21:04:59'),('2018-09-10',2,'2008-03-14 21:04:59'),('2018-09-11',3,'2008-03-14 21:04:59'),('2018-09-12',4,'2008-03-14 21:04:59'),('2018-09-13',5,'2008-03-14 21:04:59'),('2018-09-14',6,'2008-03-14 21:05:00'),('2018-09-15',7,'2008-03-14 21:05:00'),('2018-09-16',1,'2008-03-14 21:05:00'),('2018-09-17',2,'2008-03-14 21:05:00'),('2018-09-18',3,'2008-03-14 21:05:00'),('2018-09-19',4,'2008-03-14 21:05:00'),('2018-09-20',5,'2008-03-14 21:05:00'),('2018-09-21',6,'2008-03-14 21:05:00'),('2018-09-22',7,'2008-03-14 21:05:00'),('2018-09-23',1,'2008-03-14 21:05:00'),('2018-09-24',2,'2008-03-14 21:05:00'),('2018-09-25',3,'2008-03-14 21:05:00'),('2018-09-26',4,'2008-03-14 21:05:00'),('2018-09-27',5,'2008-03-14 21:05:00'),('2018-09-28',6,'2008-03-14 21:05:00'),('2018-09-29',7,'2008-03-14 21:05:00'),('2018-09-30',1,'2008-03-14 21:05:00'),('2018-10-01',2,'2008-03-14 21:05:00'),('2018-10-02',3,'2008-03-14 21:05:00'),('2018-10-03',4,'2008-03-14 21:05:00'),('2018-10-04',5,'2008-03-14 21:05:00'),('2018-10-05',6,'2008-03-14 21:05:00'),('2018-10-06',7,'2008-03-14 21:05:00'),('2018-10-07',1,'2008-03-14 21:05:00'),('2018-10-08',2,'2008-03-14 21:05:00'),('2018-10-09',3,'2008-03-14 21:05:00'),('2018-10-10',4,'2008-03-14 21:05:00'),('2018-10-11',5,'2008-03-14 21:05:00'),('2018-10-12',6,'2008-03-14 21:05:00'),('2018-10-13',7,'2008-03-14 21:05:00'),('2018-10-14',1,'2008-03-14 21:05:01'),('2018-10-15',2,'2008-03-14 21:05:01'),('2018-10-16',3,'2008-03-14 21:05:01'),('2018-10-17',4,'2008-03-14 21:05:01'),('2018-10-18',5,'2008-03-14 21:05:01'),('2018-10-19',6,'2008-03-14 21:05:01'),('2018-10-20',7,'2008-03-14 21:05:01'),('2018-10-21',1,'2008-03-14 21:05:01'),('2018-10-22',2,'2008-03-14 21:05:01'),('2018-10-23',3,'2008-03-14 21:05:01'),('2018-10-24',4,'2008-03-14 21:05:01'),('2018-10-25',5,'2008-03-14 21:05:01'),('2018-10-26',6,'2008-03-14 21:05:01'),('2018-10-27',7,'2008-03-14 21:05:01'),('2018-10-28',1,'2008-03-14 21:05:01'),('2018-10-29',2,'2008-03-14 21:05:01'),('2018-10-30',3,'2008-03-14 21:05:01'),('2018-10-31',4,'2008-03-14 21:05:01'),('2018-11-01',5,'2008-03-14 21:05:01'),('2018-11-02',6,'2008-03-14 21:05:01'),('2018-11-03',7,'2008-03-14 21:05:01'),('2018-11-04',1,'2008-03-14 21:05:01'),('2018-11-05',2,'2008-03-14 21:05:01'),('2018-11-06',3,'2008-03-14 21:05:01'),('2018-11-07',4,'2008-03-14 21:05:01'),('2018-11-08',5,'2008-03-14 21:05:01'),('2018-11-09',6,'2008-03-14 21:05:01'),('2018-11-10',7,'2008-03-14 21:05:01'),('2018-11-11',1,'2008-03-14 21:05:01'),('2018-11-12',2,'2008-03-14 21:05:04'),('2018-11-13',3,'2008-03-14 21:05:04'),('2018-11-14',4,'2008-03-14 21:05:04'),('2018-11-15',5,'2008-03-14 21:05:04'),('2018-11-16',6,'2008-03-14 21:05:04'),('2018-11-17',7,'2008-03-14 21:05:04'),('2018-11-18',1,'2008-03-14 21:05:04'),('2018-11-19',2,'2008-03-14 21:05:04'),('2018-11-20',3,'2008-03-14 21:05:04'),('2018-11-21',4,'2008-03-14 21:05:04'),('2018-11-22',5,'2008-03-14 21:05:05'),('2018-11-23',6,'2008-03-14 21:05:05'),('2018-11-24',7,'2008-03-14 21:05:05'),('2018-11-25',1,'2008-03-14 21:05:05'),('2018-11-26',2,'2008-03-14 21:05:05'),('2018-11-27',3,'2008-03-14 21:05:05'),('2018-11-28',4,'2008-03-14 21:05:05'),('2018-11-29',5,'2008-03-14 21:05:05'),('2018-11-30',6,'2008-03-14 21:05:05'),('2018-12-01',7,'2008-03-14 21:05:05'),('2018-12-02',1,'2008-03-14 21:05:05'),('2018-12-03',2,'2008-03-14 21:05:05'),('2018-12-04',3,'2008-03-14 21:05:05'),('2018-12-05',4,'2008-03-14 21:05:05'),('2018-12-06',5,'2008-03-14 21:05:05'),('2018-12-07',6,'2008-03-14 21:05:05'),('2018-12-08',7,'2008-03-14 21:05:05'),('2018-12-09',1,'2008-03-14 21:05:05'),('2018-12-10',2,'2008-03-14 21:05:05'),('2018-12-11',3,'2008-03-14 21:05:05'),('2018-12-12',4,'2008-03-14 21:05:05'),('2018-12-13',5,'2008-03-14 21:05:05'),('2018-12-14',6,'2008-03-14 21:05:05'),('2018-12-15',7,'2008-03-14 21:05:05'),('2018-12-16',1,'2008-03-14 21:05:05'),('2018-12-17',2,'2008-03-14 21:05:05'),('2018-12-18',3,'2008-03-14 21:05:05'),('2018-12-19',4,'2008-03-14 21:05:05'),('2018-12-20',5,'2008-03-14 21:05:05'),('2018-12-21',6,'2008-03-14 21:05:05'),('2018-12-22',7,'2008-03-14 21:05:06'),('2018-12-23',1,'2008-03-14 21:05:06'),('2018-12-24',2,'2008-03-14 21:05:06'),('2018-12-25',3,'2008-03-14 21:05:06'),('2018-12-26',4,'2008-03-14 21:05:06'),('2018-12-27',5,'2008-03-14 21:05:06'),('2018-12-28',6,'2008-03-14 21:05:06'),('2018-12-29',7,'2008-03-14 21:05:06'),('2018-12-30',1,'2008-03-14 21:05:06'),('2018-12-31',2,'2008-03-14 21:05:06'),('2019-01-01',3,'2008-03-14 21:05:06'),('2019-01-02',4,'2008-03-14 21:05:06'),('2019-01-03',5,'2008-03-14 21:05:06'),('2019-01-04',6,'2008-03-14 21:05:06'),('2019-01-05',7,'2008-03-14 21:05:06'),('2019-01-06',1,'2008-03-14 21:05:06'),('2019-01-07',2,'2008-03-14 21:05:06'),('2019-01-08',3,'2008-03-14 21:05:06'),('2019-01-09',4,'2008-03-14 21:05:06'),('2019-01-10',5,'2008-03-14 21:05:06'),('2019-01-11',6,'2008-03-14 21:05:06'),('2019-01-12',7,'2008-03-14 21:05:06'),('2019-01-13',1,'2008-03-14 21:05:06'),('2019-01-14',2,'2008-03-14 21:05:06'),('2019-01-15',3,'2008-03-14 21:05:06'),('2019-01-16',4,'2008-03-14 21:05:06'),('2019-01-17',5,'2008-03-14 21:05:06'),('2019-01-18',6,'2008-03-14 21:05:06'),('2019-01-19',7,'2008-03-14 21:05:06'),('2019-01-20',1,'2008-03-14 21:05:06'),('2019-01-21',2,'2008-03-14 21:05:07'),('2019-01-22',3,'2008-03-14 21:05:07'),('2019-01-23',4,'2008-03-14 21:05:07'),('2019-01-24',5,'2008-03-14 21:05:07'),('2019-01-25',6,'2008-03-14 21:05:07'),('2019-01-26',7,'2008-03-14 21:05:07'),('2019-01-27',1,'2008-03-14 21:05:07'),('2019-01-28',2,'2008-03-14 21:05:07'),('2019-01-29',3,'2008-03-14 21:05:07'),('2019-01-30',4,'2008-03-14 21:05:07'),('2019-01-31',5,'2008-03-14 21:05:07'),('2019-02-01',6,'2008-03-14 21:05:07'),('2019-02-02',7,'2008-03-14 21:05:07'),('2019-02-03',1,'2008-03-14 21:05:07'),('2019-02-04',2,'2008-03-14 21:05:07'),('2019-02-05',3,'2008-03-14 21:05:07'),('2019-02-06',4,'2008-03-14 21:05:07'),('2019-02-07',5,'2008-03-14 21:05:07'),('2019-02-08',6,'2008-03-14 21:05:07'),('2019-02-09',7,'2008-03-14 21:05:07'),('2019-02-10',1,'2008-03-14 21:05:07'),('2019-02-11',2,'2008-03-14 21:05:07'),('2019-02-12',3,'2008-03-14 21:05:07'),('2019-02-13',4,'2008-03-14 21:05:07'),('2019-02-14',5,'2008-03-14 21:05:07'),('2019-02-15',6,'2008-03-14 21:05:07'),('2019-02-16',7,'2008-03-14 21:05:07'),('2019-02-17',1,'2008-03-14 21:05:07'),('2019-02-18',2,'2008-03-14 21:05:07'),('2019-02-19',3,'2008-03-14 21:05:07'),('2019-02-20',4,'2008-03-14 21:05:08'),('2019-02-21',5,'2008-03-14 21:05:08'),('2019-02-22',6,'2008-03-14 21:05:08'),('2019-02-23',7,'2008-03-14 21:05:08'),('2019-02-24',1,'2008-03-14 21:05:08'),('2019-02-25',2,'2008-03-14 21:05:08'),('2019-02-26',3,'2008-03-14 21:05:08'),('2019-02-27',4,'2008-03-14 21:05:08'),('2019-02-28',5,'2008-03-14 21:05:08'),('2019-03-01',6,'2008-03-14 21:05:08'),('2019-03-02',7,'2008-03-14 21:05:08'),('2019-03-03',1,'2008-03-14 21:05:08'),('2019-03-04',2,'2008-03-14 21:05:08'),('2019-03-05',3,'2008-03-14 21:05:08'),('2019-03-06',4,'2008-03-14 21:05:08'),('2019-03-07',5,'2008-03-14 21:05:08'),('2019-03-08',6,'2008-03-14 21:05:08'),('2019-03-09',7,'2008-03-14 21:05:08'),('2019-03-10',1,'2008-03-14 21:05:08'),('2019-03-11',2,'2008-03-14 21:05:08'),('2019-03-12',3,'2008-03-14 21:05:08'),('2019-03-13',4,'2008-03-14 21:05:08'),('2019-03-14',5,'2008-03-14 21:05:08'),('2019-03-15',6,'2008-03-14 21:05:08'),('2019-03-16',7,'2008-03-14 21:05:08'),('2019-03-17',1,'2008-03-14 21:05:08'),('2019-03-18',2,'2008-03-14 21:05:08'),('2019-03-19',3,'2008-03-14 21:05:08'),('2019-03-20',4,'2008-03-14 21:05:08'),('2019-03-21',5,'2008-03-14 21:05:08'),('2019-03-22',6,'2008-03-14 21:05:09'),('2019-03-23',7,'2008-03-14 21:05:09'),('2019-03-24',1,'2008-03-14 21:05:09'),('2019-03-25',2,'2008-03-14 21:05:09'),('2019-03-26',3,'2008-03-14 21:05:09'),('2019-03-27',4,'2008-03-14 21:05:09'),('2019-03-28',5,'2008-03-14 21:05:09'),('2019-03-29',6,'2008-03-14 21:05:09'),('2019-03-30',7,'2008-03-14 21:05:09'),('2019-03-31',1,'2008-03-14 21:05:09'),('2019-04-01',2,'2008-03-14 21:05:09'),('2019-04-02',3,'2008-03-14 21:05:09'),('2019-04-03',4,'2008-03-14 21:05:09'),('2019-04-04',5,'2008-03-14 21:05:09'),('2019-04-05',6,'2008-03-14 21:05:09'),('2019-04-06',7,'2008-03-14 21:05:09'),('2019-04-07',1,'2008-03-14 21:05:09'),('2019-04-08',2,'2008-03-14 21:05:09'),('2019-04-09',3,'2008-03-14 21:05:09'),('2019-04-10',4,'2008-03-14 21:05:09'),('2019-04-11',5,'2008-03-14 21:05:09'),('2019-04-12',6,'2008-03-14 21:05:09'),('2019-04-13',7,'2008-03-14 21:05:09'),('2019-04-14',1,'2008-03-14 21:05:09'),('2019-04-15',2,'2008-03-14 21:05:09'),('2019-04-16',3,'2008-03-14 21:05:09'),('2019-04-17',4,'2008-03-14 21:05:09'),('2019-04-18',5,'2008-03-14 21:05:09'),('2019-04-19',6,'2008-03-14 21:05:09'),('2019-04-20',7,'2008-03-14 21:05:09'),('2019-04-21',1,'2008-03-14 21:05:10'),('2019-04-22',2,'2008-03-14 21:05:10'),('2019-04-23',3,'2008-03-14 21:05:10'),('2019-04-24',4,'2008-03-14 21:05:10'),('2019-04-25',5,'2008-03-14 21:05:10'),('2019-04-26',6,'2008-03-14 21:05:10'),('2019-04-27',7,'2008-03-14 21:05:10'),('2019-04-28',1,'2008-03-14 21:05:10'),('2019-04-29',2,'2008-03-14 21:05:10'),('2019-04-30',3,'2008-03-14 21:05:10'),('2019-05-01',4,'2008-03-14 21:05:10'),('2019-05-02',5,'2008-03-14 21:05:10'),('2019-05-03',6,'2008-03-14 21:05:10'),('2019-05-04',7,'2008-03-14 21:05:10'),('2019-05-05',1,'2008-03-14 21:05:10'),('2019-05-06',2,'2008-03-14 21:05:10'),('2019-05-07',3,'2008-03-14 21:05:10'),('2019-05-08',4,'2008-03-14 21:05:10'),('2019-05-09',5,'2008-03-14 21:05:10'),('2019-05-10',6,'2008-03-14 21:05:10'),('2019-05-11',7,'2008-03-14 21:05:10'),('2019-05-12',1,'2008-03-14 21:05:10'),('2019-05-13',2,'2008-03-14 21:05:10'),('2019-05-14',3,'2008-03-14 21:05:10'),('2019-05-15',4,'2008-03-14 21:05:10'),('2019-05-16',5,'2008-03-14 21:05:10'),('2019-05-17',6,'2008-03-14 21:05:10'),('2019-05-18',7,'2008-03-14 21:05:10'),('2019-05-19',1,'2008-03-14 21:05:10'),('2019-05-20',2,'2008-03-14 21:05:10'),('2019-05-21',3,'2008-03-14 21:05:11'),('2019-05-22',4,'2008-03-14 21:05:11'),('2019-05-23',5,'2008-03-14 21:05:11'),('2019-05-24',6,'2008-03-14 21:05:11'),('2019-05-25',7,'2008-03-14 21:05:11'),('2019-05-26',1,'2008-03-14 21:05:11'),('2019-05-27',2,'2008-03-14 21:05:11'),('2019-05-28',3,'2008-03-14 21:05:11'),('2019-05-29',4,'2008-03-14 21:05:11'),('2019-05-30',5,'2008-03-14 21:05:11'),('2019-05-31',6,'2008-03-14 21:05:11'),('2019-06-01',7,'2008-03-14 21:05:11'),('2019-06-02',1,'2008-03-14 21:05:11'),('2019-06-03',2,'2008-03-14 21:05:11'),('2019-06-04',3,'2008-03-14 21:05:11'),('2019-06-05',4,'2008-03-14 21:05:11'),('2019-06-06',5,'2008-03-14 21:05:11'),('2019-06-07',6,'2008-03-14 21:05:11'),('2019-06-08',7,'2008-03-14 21:05:11'),('2019-06-09',1,'2008-03-14 21:05:11'),('2019-06-10',2,'2008-03-14 21:05:11'),('2019-06-11',3,'2008-03-14 21:05:11'),('2019-06-12',4,'2008-03-14 21:05:11'),('2019-06-13',5,'2008-03-14 21:05:11'),('2019-06-14',6,'2008-03-14 21:05:11'),('2019-06-15',7,'2008-03-14 21:05:11'),('2019-06-16',1,'2008-03-14 21:05:11'),('2019-06-17',2,'2008-03-14 21:05:11'),('2019-06-18',3,'2008-03-14 21:05:11'),('2019-06-19',4,'2008-03-14 21:05:11'),('2019-06-20',5,'2008-03-14 21:05:12'),('2019-06-21',6,'2008-03-14 21:05:12'),('2019-06-22',7,'2008-03-14 21:05:12'),('2019-06-23',1,'2008-03-14 21:05:12'),('2019-06-24',2,'2008-03-14 21:05:12'),('2019-06-25',3,'2008-03-14 21:05:12'),('2019-06-26',4,'2008-03-14 21:05:12'),('2019-06-27',5,'2008-03-14 21:05:12'),('2019-06-28',6,'2008-03-14 21:05:12'),('2019-06-29',7,'2008-03-14 21:05:12'),('2019-06-30',1,'2008-03-14 21:05:12'),('2019-07-01',2,'2008-03-14 21:05:12'),('2019-07-02',3,'2008-03-14 21:05:12'),('2019-07-03',4,'2008-03-14 21:05:12'),('2019-07-04',5,'2008-03-14 21:05:12'),('2019-07-05',6,'2008-03-14 21:05:12'),('2019-07-06',7,'2008-03-14 21:05:12'),('2019-07-07',1,'2008-03-14 21:05:12'),('2019-07-08',2,'2008-03-14 21:05:12'),('2019-07-09',3,'2008-03-14 21:05:12'),('2019-07-10',4,'2008-03-14 21:05:12'),('2019-07-11',5,'2008-03-14 21:05:12'),('2019-07-12',6,'2008-03-14 21:05:12'),('2019-07-13',7,'2008-03-14 21:05:12'),('2019-07-14',1,'2008-03-14 21:05:12'),('2019-07-15',2,'2008-03-14 21:05:12'),('2019-07-16',3,'2008-03-14 21:05:12'),('2019-07-17',4,'2008-03-14 21:05:12'),('2019-07-18',5,'2008-03-14 21:05:12'),('2019-07-19',6,'2008-03-14 21:05:12'),('2019-07-20',7,'2008-03-14 21:05:12'),('2019-07-21',1,'2008-03-14 21:05:13'),('2019-07-22',2,'2008-03-14 21:05:13'),('2019-07-23',3,'2008-03-14 21:05:13'),('2019-07-24',4,'2008-03-14 21:05:13'),('2019-07-25',5,'2008-03-14 21:05:13'),('2019-07-26',6,'2008-03-14 21:05:13'),('2019-07-27',7,'2008-03-14 21:05:15'),('2019-07-28',1,'2008-03-14 21:05:15'),('2019-07-29',2,'2008-03-14 21:05:15'),('2019-07-30',3,'2008-03-14 21:05:15'),('2019-07-31',4,'2008-03-14 21:05:15'),('2019-08-01',5,'2008-03-14 21:05:16'),('2019-08-02',6,'2008-03-14 21:05:16'),('2019-08-03',7,'2008-03-14 21:05:16'),('2019-08-04',1,'2008-03-14 21:05:16'),('2019-08-05',2,'2008-03-14 21:05:16'),('2019-08-06',3,'2008-03-14 21:05:16'),('2019-08-07',4,'2008-03-14 21:05:16'),('2019-08-08',5,'2008-03-14 21:05:16'),('2019-08-09',6,'2008-03-14 21:05:16'),('2019-08-10',7,'2008-03-14 21:05:16'),('2019-08-11',1,'2008-03-14 21:05:16'),('2019-08-12',2,'2008-03-14 21:05:16'),('2019-08-13',3,'2008-03-14 21:05:16'),('2019-08-14',4,'2008-03-14 21:05:16'),('2019-08-15',5,'2008-03-14 21:05:16'),('2019-08-16',6,'2008-03-14 21:05:16'),('2019-08-17',7,'2008-03-14 21:05:16'),('2019-08-18',1,'2008-03-14 21:05:16'),('2019-08-19',2,'2008-03-14 21:05:16'),('2019-08-20',3,'2008-03-14 21:05:16'),('2019-08-21',4,'2008-03-14 21:05:16'),('2019-08-22',5,'2008-03-14 21:05:16'),('2019-08-23',6,'2008-03-14 21:05:16'),('2019-08-24',7,'2008-03-14 21:05:16'),('2019-08-25',1,'2008-03-14 21:05:16'),('2019-08-26',2,'2008-03-14 21:05:16'),('2019-08-27',3,'2008-03-14 21:05:16'),('2019-08-28',4,'2008-03-14 21:05:16'),('2019-08-29',5,'2008-03-14 21:05:16'),('2019-08-30',6,'2008-03-14 21:05:16'),('2019-08-31',7,'2008-03-14 21:05:17'),('2019-09-01',1,'2008-03-14 21:05:17'),('2019-09-02',2,'2008-03-14 21:05:17'),('2019-09-03',3,'2008-03-14 21:05:17'),('2019-09-04',4,'2008-03-14 21:05:17'),('2019-09-05',5,'2008-03-14 21:05:17'),('2019-09-06',6,'2008-03-14 21:05:17'),('2019-09-07',7,'2008-03-14 21:05:17'),('2019-09-08',1,'2008-03-14 21:05:17'),('2019-09-09',2,'2008-03-14 21:05:17'),('2019-09-10',3,'2008-03-14 21:05:17'),('2019-09-11',4,'2008-03-14 21:05:17'),('2019-09-12',5,'2008-03-14 21:05:17'),('2019-09-13',6,'2008-03-14 21:05:17'),('2019-09-14',7,'2008-03-14 21:05:17'),('2019-09-15',1,'2008-03-14 21:05:17'),('2019-09-16',2,'2008-03-14 21:05:17'),('2019-09-17',3,'2008-03-14 21:05:17'),('2019-09-18',4,'2008-03-14 21:05:17'),('2019-09-19',5,'2008-03-14 21:05:17'),('2019-09-20',6,'2008-03-14 21:05:17'),('2019-09-21',7,'2008-03-14 21:05:17'),('2019-09-22',1,'2008-03-14 21:05:17'),('2019-09-23',2,'2008-03-14 21:05:17'),('2019-09-24',3,'2008-03-14 21:05:17'),('2019-09-25',4,'2008-03-14 21:05:17'),('2019-09-26',5,'2008-03-14 21:05:17'),('2019-09-27',6,'2008-03-14 21:05:17'),('2019-09-28',7,'2008-03-14 21:05:17'),('2019-09-29',1,'2008-03-14 21:05:17'),('2019-09-30',2,'2008-03-14 21:05:18'),('2019-10-01',3,'2008-03-14 21:05:18'),('2019-10-02',4,'2008-03-14 21:05:18'),('2019-10-03',5,'2008-03-14 21:05:18'),('2019-10-04',6,'2008-03-14 21:05:18'),('2019-10-05',7,'2008-03-14 21:05:18'),('2019-10-06',1,'2008-03-14 21:05:18'),('2019-10-07',2,'2008-03-14 21:05:18'),('2019-10-08',3,'2008-03-14 21:05:18'),('2019-10-09',4,'2008-03-14 21:05:18'),('2019-10-10',5,'2008-03-14 21:05:18'),('2019-10-11',6,'2008-03-14 21:05:18'),('2019-10-12',7,'2008-03-14 21:05:18'),('2019-10-13',1,'2008-03-14 21:05:18'),('2019-10-14',2,'2008-03-14 21:05:18'),('2019-10-15',3,'2008-03-14 21:05:18'),('2019-10-16',4,'2008-03-14 21:05:18'),('2019-10-17',5,'2008-03-14 21:05:18'),('2019-10-18',6,'2008-03-14 21:05:18'),('2019-10-19',7,'2008-03-14 21:05:18'),('2019-10-20',1,'2008-03-14 21:05:18'),('2019-10-21',2,'2008-03-14 21:05:18'),('2019-10-22',3,'2008-03-14 21:05:18'),('2019-10-23',4,'2008-03-14 21:05:18'),('2019-10-24',5,'2008-03-14 21:05:18'),('2019-10-25',6,'2008-03-14 21:05:18'),('2019-10-26',7,'2008-03-14 21:05:18'),('2019-10-27',1,'2008-03-14 21:05:18'),('2019-10-28',2,'2008-03-14 21:05:18'),('2019-10-29',3,'2008-03-14 21:05:18'),('2019-10-30',4,'2008-03-14 21:05:19'),('2019-10-31',5,'2008-03-14 21:05:19'),('2019-11-01',6,'2008-03-14 21:05:19'),('2019-11-02',7,'2008-03-14 21:05:19'),('2019-11-03',1,'2008-03-14 21:05:19'),('2019-11-04',2,'2008-03-14 21:05:19'),('2019-11-05',3,'2008-03-14 21:05:19'),('2019-11-06',4,'2008-03-14 21:05:19'),('2019-11-07',5,'2008-03-14 21:05:19'),('2019-11-08',6,'2008-03-14 21:05:19'),('2019-11-09',7,'2008-03-14 21:05:19'),('2019-11-10',1,'2008-03-14 21:05:19'),('2019-11-11',2,'2008-03-14 21:05:19'),('2019-11-12',3,'2008-03-14 21:05:19'),('2019-11-13',4,'2008-03-14 21:05:19'),('2019-11-14',5,'2008-03-14 21:05:19'),('2019-11-15',6,'2008-03-14 21:05:19'),('2019-11-16',7,'2008-03-14 21:05:19'),('2019-11-17',1,'2008-03-14 21:05:19'),('2019-11-18',2,'2008-03-14 21:05:19'),('2019-11-19',3,'2008-03-14 21:05:19'),('2019-11-20',4,'2008-03-14 21:05:19'),('2019-11-21',5,'2008-03-14 21:05:19'),('2019-11-22',6,'2008-03-14 21:05:19'),('2019-11-23',7,'2008-03-14 21:05:19'),('2019-11-24',1,'2008-03-14 21:05:19'),('2019-11-25',2,'2008-03-14 21:05:19'),('2019-11-26',3,'2008-03-14 21:05:19'),('2019-11-27',4,'2008-03-14 21:05:19'),('2019-11-28',5,'2008-03-14 21:05:19'),('2019-11-29',6,'2008-03-14 21:05:20'),('2019-11-30',7,'2008-03-14 21:05:20'),('2019-12-01',1,'2008-03-14 21:05:20'),('2019-12-02',2,'2008-03-14 21:05:20'),('2019-12-03',3,'2008-03-14 21:05:20'),('2019-12-04',4,'2008-03-14 21:05:20'),('2019-12-05',5,'2008-03-14 21:05:20'),('2019-12-06',6,'2008-03-14 21:05:20'),('2019-12-07',7,'2008-03-14 21:05:20'),('2019-12-08',1,'2008-03-14 21:05:20'),('2019-12-09',2,'2008-03-14 21:05:20'),('2019-12-10',3,'2008-03-14 21:05:20'),('2019-12-11',4,'2008-03-14 21:05:20'),('2019-12-12',5,'2008-03-14 21:05:20'),('2019-12-13',6,'2008-03-14 21:05:20'),('2019-12-14',7,'2008-03-14 21:05:20'),('2019-12-15',1,'2008-03-14 21:05:20'),('2019-12-16',2,'2008-03-14 21:05:20'),('2019-12-17',3,'2008-03-14 21:05:20'),('2019-12-18',4,'2008-03-14 21:05:20'),('2019-12-19',5,'2008-03-14 21:05:20'),('2019-12-20',6,'2008-03-14 21:05:20'),('2019-12-21',7,'2008-03-14 21:05:20'),('2019-12-22',1,'2008-03-14 21:05:20'),('2019-12-23',2,'2008-03-14 21:05:20'),('2019-12-24',3,'2008-03-14 21:05:20'),('2019-12-25',4,'2008-03-14 21:05:20'),('2019-12-26',5,'2008-03-14 21:05:20'),('2019-12-27',6,'2008-03-14 21:05:20'),('2019-12-28',7,'2008-03-14 21:05:20'),('2019-12-29',1,'2008-03-14 21:05:21'),('2019-12-30',2,'2008-03-14 21:05:21'),('2019-12-31',3,'2008-03-14 21:05:21'),('2020-01-01',4,'2008-03-15 03:07:08'),('2020-01-02',5,'2008-03-15 03:07:08'),('2020-01-03',6,'2008-03-15 03:07:09'),('2020-01-04',7,'2008-03-15 03:07:09'),('2020-01-05',1,'2008-03-15 03:07:09'),('2020-01-06',2,'2008-03-15 03:07:09'),('2020-01-07',3,'2008-03-15 03:07:09'),('2020-01-08',4,'2008-03-15 03:07:09'),('2020-01-09',5,'2008-03-15 03:07:09'),('2020-01-10',6,'2008-03-15 03:07:09'),('2020-01-11',7,'2008-03-15 03:07:09'),('2020-01-12',1,'2008-03-15 03:07:09'),('2020-01-13',2,'2008-03-15 03:07:09'),('2020-01-14',3,'2008-03-15 03:07:09'),('2020-01-15',4,'2008-03-15 03:07:09'),('2020-01-16',5,'2008-03-15 03:07:09'),('2020-01-17',6,'2008-03-15 03:07:09'),('2020-01-18',7,'2008-03-15 03:07:09'),('2020-01-19',1,'2008-03-15 03:07:09'),('2020-01-20',2,'2008-03-15 03:07:09'),('2020-01-21',3,'2008-03-15 03:07:09'),('2020-01-22',4,'2008-03-15 03:07:09'),('2020-01-23',5,'2008-03-15 03:07:09'),('2020-01-24',6,'2008-03-15 03:07:09'),('2020-01-25',7,'2008-03-15 03:07:09'),('2020-01-26',1,'2008-03-15 03:07:10'),('2020-01-27',2,'2008-03-15 03:07:10'),('2020-01-28',3,'2008-03-15 03:07:10'),('2020-01-29',4,'2008-03-15 03:07:10'),('2020-01-30',5,'2008-03-15 03:07:10'),('2020-01-31',6,'2008-03-15 03:07:10'),('2020-02-01',7,'2008-03-15 03:07:10'),('2020-02-02',1,'2008-03-15 03:07:10'),('2020-02-03',2,'2008-03-15 03:07:10'),('2020-02-04',3,'2008-03-15 03:07:10'),('2020-02-05',4,'2008-03-15 03:07:10'),('2020-02-06',5,'2008-03-15 03:07:10'),('2020-02-07',6,'2008-03-15 03:07:10'),('2020-02-08',7,'2008-03-15 03:07:10'),('2020-02-09',1,'2008-03-15 03:07:10'),('2020-02-10',2,'2008-03-15 03:07:10'),('2020-02-11',3,'2008-03-15 03:07:10'),('2020-02-12',4,'2008-03-15 03:07:10'),('2020-02-13',5,'2008-03-15 03:07:10'),('2020-02-14',6,'2008-03-15 03:07:10'),('2020-02-15',7,'2008-03-15 03:07:10'),('2020-02-16',1,'2008-03-15 03:07:10'),('2020-02-17',2,'2008-03-15 03:07:10'),('2020-02-18',3,'2008-03-15 03:07:10'),('2020-02-19',4,'2008-03-15 03:07:10'),('2020-02-20',5,'2008-03-15 03:07:10'),('2020-02-21',6,'2008-03-15 03:07:10'),('2020-02-22',7,'2008-03-15 03:07:10'),('2020-02-23',1,'2008-03-15 03:07:10'),('2020-02-24',2,'2008-03-15 03:07:10'),('2020-02-25',3,'2008-03-15 03:07:11'),('2020-02-26',4,'2008-03-15 03:07:11'),('2020-02-27',5,'2008-03-15 03:07:11'),('2020-02-28',6,'2008-03-15 03:07:11'),('2020-02-29',7,'2008-03-15 03:07:11'),('2020-03-01',1,'2008-03-15 03:07:11'),('2020-03-02',2,'2008-03-15 03:07:11'),('2020-03-03',3,'2008-03-15 03:07:11'),('2020-03-04',4,'2008-03-15 03:07:11'),('2020-03-05',5,'2008-03-15 03:07:11'),('2020-03-06',6,'2008-03-15 03:07:11'),('2020-03-07',7,'2008-03-15 03:07:11'),('2020-03-08',1,'2008-03-15 03:07:11'),('2020-03-09',2,'2008-03-15 03:07:11'),('2020-03-10',3,'2008-03-15 03:07:11'),('2020-03-11',4,'2008-03-15 03:07:11'),('2020-03-12',5,'2008-03-15 03:07:11'),('2020-03-13',6,'2008-03-15 03:07:11'),('2020-03-14',7,'2008-03-15 03:07:11'),('2020-03-15',1,'2008-03-15 03:07:11'),('2020-03-16',2,'2008-03-15 03:07:11'),('2020-03-17',3,'2008-03-15 03:07:11'),('2020-03-18',4,'2008-03-15 03:07:11'),('2020-03-19',5,'2008-03-15 03:07:11'),('2020-03-20',6,'2008-03-15 03:07:11'),('2020-03-21',7,'2008-03-15 03:07:11'),('2020-03-22',1,'2008-03-15 03:07:11'),('2020-03-23',2,'2008-03-15 03:07:11'),('2020-03-24',3,'2008-03-15 03:07:11'),('2020-03-25',4,'2008-03-15 03:07:11'),('2020-03-26',5,'2008-03-15 03:07:12'),('2020-03-27',6,'2008-03-15 03:07:12'),('2020-03-28',7,'2008-03-15 03:07:12'),('2020-03-29',1,'2008-03-15 03:07:12'),('2020-03-30',2,'2008-03-15 03:07:12'),('2020-03-31',3,'2008-03-15 03:07:12'),('2020-04-01',4,'2008-03-15 03:07:12'),('2020-04-02',5,'2008-03-15 03:07:12'),('2020-04-03',6,'2008-03-15 03:07:12'),('2020-04-04',7,'2008-03-15 03:07:12'),('2020-04-05',1,'2008-03-15 03:07:12'),('2020-04-06',2,'2008-03-15 03:07:12'),('2020-04-07',3,'2008-03-15 03:07:12'),('2020-04-08',4,'2008-03-15 03:07:12'),('2020-04-09',5,'2008-03-15 03:07:12'),('2020-04-10',6,'2008-03-15 03:07:12'),('2020-04-11',7,'2008-03-15 03:07:12'),('2020-04-12',1,'2008-03-15 03:07:12'),('2020-04-13',2,'2008-03-15 03:07:12'),('2020-04-14',3,'2008-03-15 03:07:12'),('2020-04-15',4,'2008-03-15 03:07:12'),('2020-04-16',5,'2008-03-15 03:07:12'),('2020-04-17',6,'2008-03-15 03:07:12'),('2020-04-18',7,'2008-03-15 03:07:12'),('2020-04-19',1,'2008-03-15 03:07:12'),('2020-04-20',2,'2008-03-15 03:07:12'),('2020-04-21',3,'2008-03-15 03:07:12'),('2020-04-22',4,'2008-03-15 03:07:12'),('2020-04-23',5,'2008-03-15 03:07:12'),('2020-04-24',6,'2008-03-15 03:07:12'),('2020-04-25',7,'2008-03-15 03:07:13'),('2020-04-26',1,'2008-03-15 03:07:13'),('2020-04-27',2,'2008-03-15 03:07:13'),('2020-04-28',3,'2008-03-15 03:07:13'),('2020-04-29',4,'2008-03-15 03:07:13'),('2020-04-30',5,'2008-03-15 03:07:13'),('2020-05-01',6,'2008-03-15 03:07:13'),('2020-05-02',7,'2008-03-15 03:07:13'),('2020-05-03',1,'2008-03-15 03:07:13'),('2020-05-04',2,'2008-03-15 03:07:13'),('2020-05-05',3,'2008-03-15 03:07:13'),('2020-05-06',4,'2008-03-15 03:07:13'),('2020-05-07',5,'2008-03-15 03:07:13'),('2020-05-08',6,'2008-03-15 03:07:13'),('2020-05-09',7,'2008-03-15 03:07:13'),('2020-05-10',1,'2008-03-15 03:07:13'),('2020-05-11',2,'2008-03-15 03:07:13'),('2020-05-12',3,'2008-03-15 03:07:13'),('2020-05-13',4,'2008-03-15 03:07:13'),('2020-05-14',5,'2008-03-15 03:07:13'),('2020-05-15',6,'2008-03-15 03:07:13'),('2020-05-16',7,'2008-03-15 03:07:13'),('2020-05-17',1,'2008-03-15 03:07:13'),('2020-05-18',2,'2008-03-15 03:07:13'),('2020-05-19',3,'2008-03-15 03:07:13'),('2020-05-20',4,'2008-03-15 03:07:13'),('2020-05-21',5,'2008-03-15 03:07:13'),('2020-05-22',6,'2008-03-15 03:07:13'),('2020-05-23',7,'2008-03-15 03:07:13'),('2020-05-24',1,'2008-03-15 03:07:13'),('2020-05-25',2,'2008-03-15 03:07:14'),('2020-05-26',3,'2008-03-15 03:07:14'),('2020-05-27',4,'2008-03-15 03:07:14'),('2020-05-28',5,'2008-03-15 03:07:14'),('2020-05-29',6,'2008-03-15 03:07:14'),('2020-05-30',7,'2008-03-15 03:07:14'),('2020-05-31',1,'2008-03-15 03:07:14'),('2020-06-01',2,'2008-03-15 03:07:14'),('2020-06-02',3,'2008-03-15 03:07:14'),('2020-06-03',4,'2008-03-15 03:07:14'),('2020-06-04',5,'2008-03-15 03:07:14'),('2020-06-05',6,'2008-03-15 03:07:14'),('2020-06-06',7,'2008-03-15 03:07:14'),('2020-06-07',1,'2008-03-15 03:07:14'),('2020-06-08',2,'2008-03-15 03:07:14'),('2020-06-09',3,'2008-03-15 03:07:14'),('2020-06-10',4,'2008-03-15 03:07:14'),('2020-06-11',5,'2008-03-15 03:07:14'),('2020-06-12',6,'2008-03-15 03:07:16'),('2020-06-13',7,'2008-03-15 03:07:17'),('2020-06-14',1,'2008-03-15 03:07:17'),('2020-06-15',2,'2008-03-15 03:07:17'),('2020-06-16',3,'2008-03-15 03:07:17'),('2020-06-17',4,'2008-03-15 03:07:17'),('2020-06-18',5,'2008-03-15 03:07:17'),('2020-06-19',6,'2008-03-15 03:07:17'),('2020-06-20',7,'2008-03-15 03:07:17'),('2020-06-21',1,'2008-03-15 03:07:17'),('2020-06-22',2,'2008-03-15 03:07:17'),('2020-06-23',3,'2008-03-15 03:07:17'),('2020-06-24',4,'2008-03-15 03:07:17'),('2020-06-25',5,'2008-03-15 03:07:17'),('2020-06-26',6,'2008-03-15 03:07:17'),('2020-06-27',7,'2008-03-15 03:07:17'),('2020-06-28',1,'2008-03-15 03:07:17'),('2020-06-29',2,'2008-03-15 03:07:17'),('2020-06-30',3,'2008-03-15 03:07:17'),('2020-07-01',4,'2008-03-15 03:07:17'),('2020-07-02',5,'2008-03-15 03:07:17'),('2020-07-03',6,'2008-03-15 03:07:17'),('2020-07-04',7,'2008-03-15 03:07:17'),('2020-07-05',1,'2008-03-15 03:07:17'),('2020-07-06',2,'2008-03-15 03:07:17'),('2020-07-07',3,'2008-03-15 03:07:17'),('2020-07-08',4,'2008-03-15 03:07:17'),('2020-07-09',5,'2008-03-15 03:07:17'),('2020-07-10',6,'2008-03-15 03:07:17'),('2020-07-11',7,'2008-03-15 03:07:18'),('2020-07-12',1,'2008-03-15 03:07:18'),('2020-07-13',2,'2008-03-15 03:07:18'),('2020-07-14',3,'2008-03-15 03:07:18'),('2020-07-15',4,'2008-03-15 03:07:18'),('2020-07-16',5,'2008-03-15 03:07:18'),('2020-07-17',6,'2008-03-15 03:07:18'),('2020-07-18',7,'2008-03-15 03:07:18'),('2020-07-19',1,'2008-03-15 03:07:18'),('2020-07-20',2,'2008-03-15 03:07:18'),('2020-07-21',3,'2008-03-15 03:07:18'),('2020-07-22',4,'2008-03-15 03:07:18'),('2020-07-23',5,'2008-03-15 03:07:18'),('2020-07-24',6,'2008-03-15 03:07:18'),('2020-07-25',7,'2008-03-15 03:07:18'),('2020-07-26',1,'2008-03-15 03:07:18'),('2020-07-27',2,'2008-03-15 03:07:18'),('2020-07-28',3,'2008-03-15 03:07:18'),('2020-07-29',4,'2008-03-15 03:07:18'),('2020-07-30',5,'2008-03-15 03:07:18'),('2020-07-31',6,'2008-03-15 03:07:18'),('2020-08-01',7,'2008-03-15 03:07:18'),('2020-08-02',1,'2008-03-15 03:07:18'),('2020-08-03',2,'2008-03-15 03:07:18'),('2020-08-04',3,'2008-03-15 03:07:18'),('2020-08-05',4,'2008-03-15 03:07:18'),('2020-08-06',5,'2008-03-15 03:07:18'),('2020-08-07',6,'2008-03-15 03:07:18'),('2020-08-08',7,'2008-03-15 03:07:18'),('2020-08-09',1,'2008-03-15 03:07:18'),('2020-08-10',2,'2008-03-15 03:07:18'),('2020-08-11',3,'2008-03-15 03:07:19'),('2020-08-12',4,'2008-03-15 03:07:19'),('2020-08-13',5,'2008-03-15 03:07:19'),('2020-08-14',6,'2008-03-15 03:07:19'),('2020-08-15',7,'2008-03-15 03:07:19'),('2020-08-16',1,'2008-03-15 03:07:19'),('2020-08-17',2,'2008-03-15 03:07:19'),('2020-08-18',3,'2008-03-15 03:07:19'),('2020-08-19',4,'2008-03-15 03:07:19'),('2020-08-20',5,'2008-03-15 03:07:19'),('2020-08-21',6,'2008-03-15 03:07:19'),('2020-08-22',7,'2008-03-15 03:07:19'),('2020-08-23',1,'2008-03-15 03:07:19'),('2020-08-24',2,'2008-03-15 03:07:19'),('2020-08-25',3,'2008-03-15 03:07:19'),('2020-08-26',4,'2008-03-15 03:07:19'),('2020-08-27',5,'2008-03-15 03:07:19'),('2020-08-28',6,'2008-03-15 03:07:19'),('2020-08-29',7,'2008-03-15 03:07:19'),('2020-08-30',1,'2008-03-15 03:07:19'),('2020-08-31',2,'2008-03-15 03:07:19'),('2020-09-01',3,'2008-03-15 03:07:19'),('2020-09-02',4,'2008-03-15 03:07:19'),('2020-09-03',5,'2008-03-15 03:07:19'),('2020-09-04',6,'2008-03-15 03:07:19'),('2020-09-05',7,'2008-03-15 03:07:19'),('2020-09-06',1,'2008-03-15 03:07:19'),('2020-09-07',2,'2008-03-15 03:07:19'),('2020-09-08',3,'2008-03-15 03:07:19'),('2020-09-09',4,'2008-03-15 03:07:19'),('2020-09-10',5,'2008-03-15 03:07:20'),('2020-09-11',6,'2008-03-15 03:07:20'),('2020-09-12',7,'2008-03-15 03:07:20'),('2020-09-13',1,'2008-03-15 03:07:20'),('2020-09-14',2,'2008-03-15 03:07:20'),('2020-09-15',3,'2008-03-15 03:07:20'),('2020-09-16',4,'2008-03-15 03:07:20'),('2020-09-17',5,'2008-03-15 03:07:20'),('2020-09-18',6,'2008-03-15 03:07:20'),('2020-09-19',7,'2008-03-15 03:07:20'),('2020-09-20',1,'2008-03-15 03:07:20'),('2020-09-21',2,'2008-03-15 03:07:20'),('2020-09-22',3,'2008-03-15 03:07:20'),('2020-09-23',4,'2008-03-15 03:07:20'),('2020-09-24',5,'2008-03-15 03:07:20'),('2020-09-25',6,'2008-03-15 03:07:20'),('2020-09-26',7,'2008-03-15 03:07:20'),('2020-09-27',1,'2008-03-15 03:07:20'),('2020-09-28',2,'2008-03-15 03:07:20'),('2020-09-29',3,'2008-03-15 03:07:20'),('2020-09-30',4,'2008-03-15 03:07:20'),('2020-10-01',5,'2008-03-15 03:07:20'),('2020-10-02',6,'2008-03-15 03:07:20'),('2020-10-03',7,'2008-03-15 03:07:20'),('2020-10-04',1,'2008-03-15 03:07:20'),('2020-10-05',2,'2008-03-15 03:07:20'),('2020-10-06',3,'2008-03-15 03:07:20'),('2020-10-07',4,'2008-03-15 03:07:20'),('2020-10-08',5,'2008-03-15 03:07:38'),('2020-10-09',6,'2008-03-15 03:07:39'),('2020-10-10',7,'2008-03-15 03:07:39'),('2020-10-11',1,'2008-03-15 03:07:39'),('2020-10-12',2,'2008-03-15 03:07:39'),('2020-10-13',3,'2008-03-15 03:07:39'),('2020-10-14',4,'2008-03-15 03:07:39'),('2020-10-15',5,'2008-03-15 03:07:39'),('2020-10-16',6,'2008-03-15 03:07:39'),('2020-10-17',7,'2008-03-15 03:07:39'),('2020-10-18',1,'2008-03-15 03:07:39'),('2020-10-19',2,'2008-03-15 03:07:39'),('2020-10-20',3,'2008-03-15 03:07:39'),('2020-10-21',4,'2008-03-15 03:07:39'),('2020-10-22',5,'2008-03-15 03:07:39'),('2020-10-23',6,'2008-03-15 03:07:39'),('2020-10-24',7,'2008-03-15 03:07:39'),('2020-10-25',1,'2008-03-15 03:07:39'),('2020-10-26',2,'2008-03-15 03:07:39'),('2020-10-27',3,'2008-03-15 03:07:39'),('2020-10-28',4,'2008-03-15 03:07:39'),('2020-10-29',5,'2008-03-15 03:07:39'),('2020-10-30',6,'2008-03-15 03:07:39'),('2020-10-31',7,'2008-03-15 03:07:39'),('2020-11-01',1,'2008-03-15 03:07:39'),('2020-11-02',2,'2008-03-15 03:07:39'),('2020-11-03',3,'2008-03-15 03:07:39'),('2020-11-04',4,'2008-03-15 03:07:39'),('2020-11-05',5,'2008-03-15 03:07:39'),('2020-11-06',6,'2008-03-15 03:07:40'),('2020-11-07',7,'2008-03-15 03:07:40'),('2020-11-08',1,'2008-03-15 03:07:40'),('2020-11-09',2,'2008-03-15 03:07:40'),('2020-11-10',3,'2008-03-15 03:07:40'),('2020-11-11',4,'2008-03-15 03:07:40'),('2020-11-12',5,'2008-03-15 03:07:40'),('2020-11-13',6,'2008-03-15 03:07:40'),('2020-11-14',7,'2008-03-15 03:07:40'),('2020-11-15',1,'2008-03-15 03:07:40'),('2020-11-16',2,'2008-03-15 03:07:40'),('2020-11-17',3,'2008-03-15 03:07:40'),('2020-11-18',4,'2008-03-15 03:07:40'),('2020-11-19',5,'2008-03-15 03:07:40'),('2020-11-20',6,'2008-03-15 03:07:40'),('2020-11-21',7,'2008-03-15 03:07:40'),('2020-11-22',1,'2008-03-15 03:07:40'),('2020-11-23',2,'2008-03-15 03:07:40'),('2020-11-24',3,'2008-03-15 03:07:40'),('2020-11-25',4,'2008-03-15 03:07:40'),('2020-11-26',5,'2008-03-15 03:07:40'),('2020-11-27',6,'2008-03-15 03:07:40'),('2020-11-28',7,'2008-03-15 03:07:40'),('2020-11-29',1,'2008-03-15 03:07:40'),('2020-11-30',2,'2008-03-15 03:07:40'),('2020-12-01',3,'2008-03-15 03:07:40'),('2020-12-02',4,'2008-03-15 03:07:40'),('2020-12-03',5,'2008-03-15 03:07:40'),('2020-12-04',6,'2008-03-15 03:07:40'),('2020-12-05',7,'2008-03-15 03:07:40'),('2020-12-06',1,'2008-03-15 03:07:41'),('2020-12-07',2,'2008-03-15 03:07:41'),('2020-12-08',3,'2008-03-15 03:07:41'),('2020-12-09',4,'2008-03-15 03:07:41'),('2020-12-10',5,'2008-03-15 03:07:41'),('2020-12-11',6,'2008-03-15 03:07:41'),('2020-12-12',7,'2008-03-15 03:07:41'),('2020-12-13',1,'2008-03-15 03:07:41'),('2020-12-14',2,'2008-03-15 03:07:41'),('2020-12-15',3,'2008-03-15 03:07:41'),('2020-12-16',4,'2008-03-15 03:07:41'),('2020-12-17',5,'2008-03-15 03:07:41'),('2020-12-18',6,'2008-03-15 03:07:41'),('2020-12-19',7,'2008-03-15 03:07:41'),('2020-12-20',1,'2008-03-15 03:07:41'),('2020-12-21',2,'2008-03-15 03:07:41'),('2020-12-22',3,'2008-03-15 03:07:41'),('2020-12-23',4,'2008-03-15 03:07:41'),('2020-12-24',5,'2008-03-15 03:07:41'),('2020-12-25',6,'2008-03-15 03:07:41'),('2020-12-26',7,'2008-03-15 03:07:41'),('2020-12-27',1,'2008-03-15 03:07:41'),('2020-12-28',2,'2008-03-15 03:07:45'),('2020-12-29',3,'2008-03-15 03:07:45'),('2020-12-30',4,'2008-03-15 03:07:45'),('2020-12-31',5,'2008-03-15 03:07:45');

#
# Structure for table "event"
#

CREATE TABLE `event` (
  `NO` int(11) NOT NULL AUTO_INCREMENT,
  `EVENT_NAME` varchar(255) NOT NULL DEFAULT '' COMMENT '이벤트명',
  `CONTENTS` text COMMENT '내용',
  `STA_DATE` datetime DEFAULT '0000-00-00 00:00:00' COMMENT '시작일',
  `END_DATE` datetime DEFAULT NULL COMMENT '종료일',
  `WRITER` varchar(50) DEFAULT '' COMMENT '작성자',
  `DISPLAY` int(11) NOT NULL DEFAULT '0' COMMENT '노출여부',
  `CRE_DATE` datetime NOT NULL DEFAULT '0000-00-00 00:00:00' COMMENT '작성일',
  `READNO` int(11) NOT NULL DEFAULT '0',
  `FILENAME_ORG` varchar(255) DEFAULT NULL COMMENT '첨부(사용자)',
  `FILENAME` varchar(255) DEFAULT NULL COMMENT '첨부(시스템)',
  `FILESIZE` bigint(20) DEFAULT NULL COMMENT '첨부크기',
  PRIMARY KEY (`NO`)
) ENGINE=InnoDB AUTO_INCREMENT=5 DEFAULT CHARSET=utf8;

#
# Data for table "event"
#

INSERT INTO `event` VALUES (2,'새로운이벤트','<p style=\"text-align: center; \" align=\"center\"><font color=\"#ffffff\"><span style=\"font-size: 32px; background-color: rgb(255, 0, 0);\"><b>역대급 이벤투~!@!</b></span></font></p>','2019-01-01 16:11:52','2019-01-04 16:11:52','2',1,'2019-01-10 16:12:03',5,NULL,NULL,0),(3,'1월이벤트','<p><img title=\"bg.jpg\" src=\"http://localhost/upload/editor/1547436447449_40.jpg\" alt=\"\"><br style=\"clear:both;\">&nbsp;</p>','2019-01-01 12:26:53','2019-01-31 12:26:53','2',1,'2019-01-14 12:27:31',7,'바닥2.jpg','notice_1547436451255.jpg',385379),(4,'작성자테스트','<p>dd</p>','2019-01-15 10:13:47','2019-01-15 10:13:47','2',0,'2019-01-15 10:13:59',3,NULL,NULL,0);

#
# Structure for table "faq"
#

CREATE TABLE `faq` (
  `NO` int(11) NOT NULL AUTO_INCREMENT,
  `TYPE` int(11) NOT NULL DEFAULT '0' COMMENT '질문종류',
  `QUESTION` varchar(255) NOT NULL DEFAULT '' COMMENT '문의',
  `ANSWER` varchar(255) DEFAULT '' COMMENT '대응',
  PRIMARY KEY (`NO`)
) ENGINE=InnoDB AUTO_INCREMENT=10 DEFAULT CHARSET=utf8;

#
# Data for table "faq"
#

INSERT INTO `faq` VALUES (1,3,'포인트 적립을 못 받았어요 어떻게 해야 하나요?','<p>멤버십 적립은 상영시간 전까지만 가능하며,</p><p>상영 기간이 지난 티켓에 대해서는 사후 적립이 불가능 합니다.</p>'),(2,3,'포인트 소멸은 언제, 어떻게 이루어지나요?','<p>멤버십 포인트는 최초 적립된 시점에서 24개월이 지난 시점의</p><p>해당 월 말일 영업종료 후 해당 기간내에 사용하지 못한 잔여포인트가 월 단위로 자동 소멸됩니다.</p><p>포인트 소멸과 관련된 내용은 최소 15일 전 이메일로 발송됩니다.</p>'),(3,1,'예매를 한 뒤 시간대나 좌석 변경이 가능한가요?','<p>예매내역 변경은 예매취소나 환불 후 재 결제하는 방식으로 가능합니다.</p><p>인터넷 상으로는 &lt;예매확인 및 취소&gt;에서 상영시간 20분 전까지 가능하며</p><p>현장에서는 영화의 상영시간 전까지 매표소에서 전체 환불 후 원하시는 시간이나 좌석으로</p><p>재 결제를 하셔야 합니다.</p><p>&nbsp;</p>'),(4,1,'인터넷 예매 수수료가 있나요?','<p>기가박스 공식 홈페이지에서의 예매는 수수료가 발생하지 않습니다.</p>'),(5,5,'아이디와 비밀번호를 잊어버렸습니다.','<p>홈페이지 우측 상단 로그인 선택시 ID/PW 찾기를 통해 확인가능합니다.</p><p>단,&nbsp;</p><p>비밀번호 찾기의 경우</p><p>현재 설정된 비밀번호 확인은 불가능하며</p><p>새로운 비밀번호로의 재 설정만 가능합니다.</p><p>&nbsp;</p>'),(6,6,'상영관 내 외부 음식물 반입에 대해 알려주세요.','<p>대부분의 음식물 반입이 가능하나,</p><p>강한 냄새로 인해 타 관람객에게 방해가 되는 경우에는 반입이 제한됩니다.</p><p>ex) 취두부, 두리안</p><p>&nbsp;</p>'),(7,2,'IMAX 상영관은 요금이 일반관과 다른가요?','<p>네</p>'),(8,2,'주차가 가능한가요?','<p>모든 상영관에는 주차 시설이 별도로 마련되어 있으며</p><p>영화관람 티켓을 제시하시면 주차요금이 면제,할인됩니다.</p>'),(9,4,'만 65세 이상 경로우대 할인 내용을 알고싶습니다.','<p>인터넷에서는 불가하며</p><p>현장매표소를 통한 티켓 구매시 가능합니다.</p>');

#
# Structure for table "member"
#

CREATE TABLE `member` (
  `no` int(11) NOT NULL AUTO_INCREMENT COMMENT '회원번호',
  `name` varchar(100) NOT NULL DEFAULT '' COMMENT '회원명',
  `birth` char(10) NOT NULL DEFAULT '' COMMENT '생년월일',
  `email` varchar(100) NOT NULL DEFAULT '' COMMENT '이메일(id)',
  `pw` varchar(255) NOT NULL DEFAULT '' COMMENT '비밀번호',
  `gender` int(1) NOT NULL DEFAULT '1' COMMENT '성별"1=male" "2=female"',
  `hp` varchar(20) NOT NULL DEFAULT '' COMMENT '휴대폰번호',
  `point` int(11) NOT NULL DEFAULT '0' COMMENT '영화 포인트',
  `credate` timestamp NOT NULL DEFAULT '0000-00-00 00:00:00' COMMENT '회원 가입일',
  `moddate` timestamp NOT NULL DEFAULT '0000-00-00 00:00:00' COMMENT '회원정보 수정일',
  `secession` int(11) NOT NULL DEFAULT '1' COMMENT '탈퇴 상태 "1==가입", "2==탈퇴"',
  `filename` varchar(255) DEFAULT NULL COMMENT '회원 이미지',
  PRIMARY KEY (`no`)
) ENGINE=InnoDB AUTO_INCREMENT=11 DEFAULT CHARSET=utf8 COMMENT='회원';

#
# Data for table "member"
#

INSERT INTO `member` VALUES (1,'최나영','940817','choinayoung7@naver.com','*3799BA80B386019BA42D9498F046D03FAD2F02FE',2,'012-3456-7891',0,'2019-01-16 16:47:03','2019-01-24 13:39:07',1,NULL),(3,'이아란','930210','aranrheearanrhee@gmail.com','*2CAB5335CA278D83AD99C66529B53E8FE987463C',2,'010-5344-5181',47000,'2019-01-16 17:30:24','2019-01-24 15:16:22',1,'reply_1548310592736.png'),(6,'이상윤','121212','tssu106@hanmail.net','*A8C21C30FE19317E3559D7D120CD98BB3669DDAC',1,'010-4567-1234',500,'2019-01-18 17:26:50','2019-01-22 17:32:21',1,'reply_1548145941175.gif'),(8,'이상윤','111111','tssu106@naver.com','*A8C21C30FE19317E3559D7D120CD98BB3669DDAC',1,'010-1111-1111',0,'2019-01-24 14:11:14','2019-01-24 14:11:14',1,NULL),(9,'test','111111','test@test','*3D3B92F242033365AE5BC6A8E6FC3E1679F4140A',1,'012-3456-7891',0,'2019-01-29 18:13:45','2019-01-29 18:13:45',1,'member_1548753225862.jpg'),(10,'막창왕김막창','190131','hi@hi.com','*805EBAABF96757E0218B0419F33BDEBE745649C5',2,'010-1234-5678',0,'2019-01-31 14:07:31','2019-01-31 14:56:24',1,'reply_1548914188955.png');

#
# Structure for table "movie"
#

CREATE TABLE `movie` (
  `no` int(11) NOT NULL AUTO_INCREMENT COMMENT '영화 일련번호',
  `title` varchar(255) NOT NULL DEFAULT '' COMMENT '영화 제목',
  `director` varchar(255) DEFAULT NULL COMMENT '감독',
  `genre` varchar(255) DEFAULT NULL COMMENT '장르',
  `rating` int(11) NOT NULL DEFAULT '0' COMMENT '등급',
  `format` varchar(255) DEFAULT NULL COMMENT '포맷',
  `runtime` int(11) NOT NULL DEFAULT '0' COMMENT '상영시간',
  `releaseDate` char(10) DEFAULT '' COMMENT '개봉일',
  `endDate` char(10) DEFAULT NULL COMMENT '상영종료일',
  `poster` varchar(255) DEFAULT NULL COMMENT '포스터',
  `display` int(11) NOT NULL DEFAULT '0' COMMENT '노출여부',
  `contents` text COMMENT '줄거리',
  `registDate` varchar(255) DEFAULT NULL COMMENT '등록일',
  `poster_chk` varchar(255) DEFAULT NULL COMMENT '삭제할때 받아올 파일이름값',
  `posterSize` int(11) DEFAULT '0' COMMENT '포스터 첨부파일 크기',
  PRIMARY KEY (`no`)
) ENGINE=InnoDB AUTO_INCREMENT=39 DEFAULT CHARSET=utf8;

#
# Data for table "movie"
#

INSERT INTO `movie` VALUES (19,'말모이','엄유나','가족',12,'2D,3D,4D,IMAX',120,'2019-01-09','2019-02-18','movie_1548051618568.jpg',0,'<p>까막눈 판수, 우리말에 눈뜨다! vs 조선어학회 대표 정환, ‘우리’의 소중함에 눈뜨다!</p><p>1940년대 우리말이 점점 사라져가고 있는 경성.</p><p>극장에서 해고된 후 아들 학비 때문에 가방을 훔치다 실패한 판수.</p><p>하필 면접 보러 간 조선어학회 대표가 가방 주인 정환이다.</p><p>사전 만드는데 전과자에다 까막눈이라니!</p><p>그러나 판수를 반기는 회원들에 밀려 정환은 읽고 쓰기를 떼는 조건으로 그를 받아들인다.</p><p>돈도 아닌 말을 대체 왜 모으나 싶었던 판수는 난생처음 글을 읽으며 우리말의 소중함에 눈뜨고,</p><p>정환 또한 전국의 말을 모으는 ‘말모이’에 힘을 보태는 판수를 통해 ‘우리’의 소중함에 눈뜬다.</p><p>얼마 남지 않은 시간, 바짝 조여오는 일제의 감시를 피해 ‘말모이’를 끝내야 하는데…</p><p>&nbsp;</p><p>&nbsp;우리말이 금지된 시대, 말과 마음이 모여 사전이 되다​&nbsp;</p>',NULL,NULL,0),(20,'내안의 그놈','강효진','멜로',15,'2D',120,'2019-01-09','2019-02-15','movie_1548052093212.jpg',0,'<p>나 너니? 너 나니??</p><p>제대로 바뀐 아재와 고딩, 웃음 대환장 파티!</p><p>엘리트 아재 판수(박성웅)를 우연히 옥상에서 떨어진 고등학생 동현(진영)이 덮치면서 제대로 바뀐다.&nbsp;</p><p>게다가 판수는 동현의 몸으로 첫사랑 미선(라미란)과 존재도 몰랐던 딸 현정(이수민)을 만나게 되는데…&nbsp;</p><p>대유잼의 향연, 넌 이미 웃고 있다!​&nbsp;</p>',NULL,NULL,0),(21,'글래스','M.나이트 샤말란','스릴러',15,'2D,IMAX',120,'2019-01-17','2019-02-28','movie_1548052341996.jpg',0,'<p>24개의 인격ㆍ강철 같은 신체ㆍ천재적 두뇌</p><p>통제불가한 24번째 인격 비스트를 깨운 케빈,&nbsp;</p><p>강철 같은 신체 능력을 지닌 의문의 남자 던,&nbsp;</p><p>천재적 두뇌를 지닌 미스터리한 설계자 미스터 글래스,&nbsp;</p><p>마침내 그들이 한 자리에 모이게 되고 이들의 존재가 세상에 드러나면서 예상치 못한 일이 벌어지는데…….​&nbsp;</p>',NULL,NULL,0),(22,'주먹왕 랄프 2: 인터넷 속으로','필 존스턴','어린이',1,'2D,IMAX',120,'2019-01-03','2019-02-10','movie_1548052482366.jpg',0,'<p>오락실 게임 세상에 이어</p><p>이번엔 인터넷 세상이 발칵 뒤집힌다?!</p><p>각종 사고를 치며 게임 속 세상을 뒤집어 놨던 절친 주먹왕 ‘랄프’와 ‘바넬로피’는</p><p>버려질 위기에 처한 오락기 부품을 구하기 위해 와이파이를 타고 인터넷 세상에 접속한다.&nbsp;</p><p>&nbsp;</p><p>얼떨결에 올린 동영상으로 순식간에 핵인싸에 등극한 ‘랄프’와</p><p>룰도 트랙도 없는 스릴만점 슬로터 레이스 게임에 참여하게 된 ‘바넬로피’&nbsp;</p><p>&nbsp;</p><p>지금껏 경험한 적 없는 엄청난 스케일과 새로운 재미에 흠뻑 빠진&nbsp;</p><p>‘랄프’와 ‘바넬로피’는 랜섬웨어급 사고로 인터넷 세상을 혼란에 빠뜨리는데…</p><p>&nbsp;</p><p>과연, 이들은 무사히 집에 돌아갈 수 있을까?​&nbsp;</p>',NULL,NULL,0),(23,'극장판 공룡메카드 : 타이니소어의 섬','최신규','어린이',1,'2D',120,'2019-01-10','2019-02-26','movie_1548052645969.jpg',0,'<p>타이니소어로 가득한 환상의 섬에서 펼쳐지는 뜨거운 우정 이야기가 시작된다!</p><p>머나먼 옛날, 소행성 충돌로 인해 지구의 공룡들이 모두 사라지고</p><p>사람들에게 알려지지 않은 어느 작은 섬에서 공룡들은 아주 작은 모습의 타이니소어로 탄생한다.&nbsp;</p><p>씩씩한 트리케라, 장난꾸러기 티라노, 잠꾸러기 스테고 등 타이니소어 친구들이</p><p>도토리 축구를 하며 즐거운 나날을 보내고 있던 중,</p><p>수상한 악당들이 나타나 평화로운 ‘타이니소어의 섬’을 위협하기 시작하는데…&nbsp;</p><p>타이니소어들을 노리는 수상한 눈빛의 정체는?&nbsp;</p><p>과연 이들은 위기에 처한 지상 낙원 ‘타이니소어의 섬’을 지켜낼 수 있을까?​&nbsp;</p>',NULL,NULL,0),(24,'아쿠아맨','제임스 완','액션,판타지',12,'2D,IMAX',120,'2018-12-19','2019-02-14','movie_1548052910690.jpg',0,'<p><span style=\"background-color: rgb(255, 255, 255); color: rgb(51, 51, 51); font-family: 나눔고딕, NanumGothic, 돋움, Dotum, Helvetica, AppleSDGothicNeo-Medium, AppleGothic, sans-serif; font-size: 14px; letter-spacing: -1px;\">땅의 아들이자 바다의 왕, 심해의 수호자인&nbsp;</span></p><p><span style=\"background-color: rgb(255, 255, 255); color: rgb(51, 51, 51); font-family: 나눔고딕, NanumGothic, 돋움, Dotum, Helvetica, AppleSDGothicNeo-Medium, AppleGothic, sans-serif; font-size: 14px; letter-spacing: -1px;\">슈퍼히어로 아쿠아맨의 탄생을 그린 액션 블록버스터</span>​</p>',NULL,NULL,0),(25,'그린 북','피터 패럴리','코믹',12,'2D',120,'2019-01-09','2019-02-28','movie_1548053230993.jpg',0,'<p>언제 어디서든 바른 생활! 완벽한 천재 뮤지션 ‘돈 셜리’</p><p>원칙보다 반칙! 다혈질 운전사 ‘토니’</p><p>취향도, 성격도 완벽히 다른 두 남자의 특별한 우정이 시작된다!</p><p>1962년 미국, 입담과 주먹만 믿고 살아가던 토니 발레롱가(비고 모텐슨)는 교양과 우아함 그 자체인&nbsp;</p><p>천재 피아니스트 돈 셜리(마허샬라 알리) 박사의 운전기사 면접을 보게 된다.&nbsp;</p><p>&nbsp;&nbsp;</p><p>백악관에도 초청되는 등 미국 전역에서 콘서트 요청을 받으며 명성을 떨치고 있는 돈 셜리는&nbsp;</p><p>위험하기로 소문난 미국 남부 투어 공연을 떠나기로 결심하고,&nbsp;</p><p>투어 기간 동안 자신의 보디가드 겸 운전기사로 토니를 고용한다.&nbsp;</p><p>&nbsp;&nbsp;</p><p>거친 인생을 살아온 토니 발레롱가와 교양과 기품을 지키며 살아온 돈 셜리 박사.&nbsp;</p><p>생각, 행동, 말투, 취향까지 달라도 너무 다른 두 사람은&nbsp;</p><p>그들을 위한 여행안내서 ‘그린북’에 의존해 특별한 남부 투어를 시작하는데…​&nbsp;</p>',NULL,NULL,0),(26,'왕이 될 아이','조 코니쉬','어린이',1,'2D',120,'2019-01-16','2019-02-15','movie_1548053448593.jpg',0,'<p>히어로의 세.대.교.체!</p><p>어둠이 지배하는 세상, 내가 나설 차례인가?</p><p>마음만은 핵인싸, 현실은 존재감 제로인 소년 ‘알렉스’(루이스 서키스)는&nbsp;</p><p>어느 날 바위에 꽂힌 미스터리한 검을 발견한다.&nbsp;</p><p>득템의 기쁨도 잠시, 다크포스 풍기는 마법 존재들의 공격에서 가까스로 위기를 모면하는데…&nbsp;</p><p>&nbsp;&nbsp;</p><p>알고 보니 그 검은 전설의 레전템 엑스칼리버!&nbsp;</p><p>학교에 나타난 전설의 마법사 ‘멀린’(패트릭 스튜어트)은 ‘알렉스’가 미래를 구할 왕이 될 아이라 말하고,&nbsp;</p><p>그는 친구들을 모아 절대악 ‘모가나’(레베카 퍼거슨)와 그녀의 어둠의 군단과 맞서게 되는데…​&nbsp;</p>',NULL,NULL,0),(27,'보헤미안 랩소디','브라이언 싱어','멜로',12,'2D',120,'2018-10-31','2019-01-28','movie_1548053627505.jpg',0,'<p>“나는 스타가 되지 않을 것이다, 전설이 될 것이다”</p><p>공항에서 수하물 노동자로 일하며 음악의 꿈을 키우던 이민자 출신의 아웃사이더 ‘파록버사라’&nbsp;</p><p>보컬을 구하던 로컬 밴드에 들어가게 되면서 ‘프레디 머큐리’라는 이름으로 밴드 ‘퀸’을 이끌게 된다.&nbsp;</p><p>&nbsp;&nbsp;</p><p>시대를 앞서가는 독창적인 음악과 화려한 퍼포먼스로 관중들을 사로잡으며 성장하던 ‘퀸’은&nbsp;</p><p>라디오와 방송에서 외면을 받을 것이라는 음반사의 반대에도 불구하고&nbsp;</p><p>무려 6분 동안 이어지는 실험적인 곡 ‘보헤미안 랩소디’로 대성공을 거두며 월드스타 반열에 오른다.&nbsp;</p><p>&nbsp;&nbsp;</p><p>그러나 독보적인 존재감을 뿜어내던 ‘프레디 머큐리’는 솔로 데뷔라는 유혹에 흔들리게 되고&nbsp;</p><p>결국 오랜 시간 함께 해왔던 멤버들과 결별을 선언하게 되는데…&nbsp;</p><p>&nbsp;&nbsp;</p><p>세상에서 소외된 아웃사이더에서 전설의 록밴드 ‘퀸’이 되기까지,&nbsp;</p><p>우리가 몰랐던 그들의 진짜 이야기가 시작된다!​&nbsp;</p>',NULL,NULL,0),(28,'스파이더맨 : 뉴 유니버스','밥 퍼시케티','액션',12,'2D',120,'2018-12-12','2019-01-31','movie_1548053775159.jpg',0,'<p>새로운 스파이더맨 평행세계의 시작!</p><p>“스파이더맨은… 우리 말고 얼마나 더 있죠?”</p><p>평범한 10대 ‘마일스 모랄레스’는 우연히 방사능 거미에 물려 스파이더맨 능력을 가지게 된다.&nbsp;</p><p>혼란스러워하던 ‘마일스’는 악당과 싸우고 있는 ‘피터 파커’를 마주치게 되고&nbsp;</p><p>‘피터 파커’는 ‘마일스’가 자신과 같은 능력을 가지고 있음을 직감한다.&nbsp;</p><p>여러 개의 평행세계가 존재한다는 것을 알게 된 ‘마일스’와 ‘피터 파커’는&nbsp;</p><p>이후 스파이더우먼 ‘스파이더 그웬’, ‘스파이더맨 누아르’, ‘스파이더햄’ 등&nbsp;</p><p>평행세계 속 공존하는 모든 스파이더맨들을 만나게 되는데…&nbsp;</p><p>하나의 유니버스에서 만나 팀을 결성한 스파이더맨들은 과연 세계를 구할 수 있을까?&nbsp;</p><p>&nbsp;&nbsp;</p><p>스파이더맨들의 새로운 시대가 열린다!​&nbsp;</p>',NULL,NULL,0),(29,'드래곤 길들이기3','딘 데블로이스','어린이',1,'2D',120,'2019-01-30','2019-02-28','movie_1548057324025.jpg',0,'<p>영원히 기억될 그들의 마지막 모험이 시작된다!</p><p>영원한 친구 히컵과 투슬리스의 활약으로&nbsp;</p><p>사람과 드래곤이 공존하며 평화롭게 살아가는 버크섬.&nbsp;</p><p>새로운 드래곤 ‘라이트 퓨어리’를 쫓아간 투슬리스를 찾다가&nbsp;</p><p>히컵은 누구도 찾지 못했던 드래곤의 파라다이스 ‘히든월드’를 우연히 발견하게 된다.&nbsp;</p><p>하지만 평화도 잠시, 역대 최악의 드래곤 헌터 그리멜의 등장으로&nbsp;</p><p>드래곤들의 안전과 버크섬의 평화까지 위협받기 시작하는데…​&nbsp;</p>',NULL,NULL,0),(30,'알리타 : 배틀엔젤','로버트 로드리게즈','액션,멜로,SF',12,'4D,IMAX',120,'2019-02-05','2019-03-01','movie_1548059278836.jpg',0,'<p>인간의 두뇌를 가진 기계 소녀</p><p>그녀는 인간인가? 기계인가? 진짜 나를 깨워라!</p><p>모두가 갈망하는 공중도시와 그들을 위해 존재하는 고철도시로 나누어진 26세기.&nbsp;</p><p>고철 더미 속 모든 기억을 잃은 채 깨어난 알리타는 마음 따뜻한 의사 이도의 보살핌으로 새로운 삶을 시작한다.&nbsp;</p><p>이도는 사이보그인 알리타에게 특별한 과거의 비밀과 영혼이 존재한다는 사실을 깨닫고&nbsp;</p><p>미스터리한 과거로부터 그녀를 지키고자 한다.&nbsp;</p><p>한편, 새로운 친구 휴고는 알리타가 위험한 고철도시를 헤쳐나갈 수 있는 방법과 함께 기억을 되찾도록 돕는다.&nbsp;</p><p>&nbsp;&nbsp;</p><p>알리타가 자신의 과거에 다가 갈수록 도시를 지배하는 악랄한 세력들이 그녀를 노리며 제거하려고 하고&nbsp;</p><p>자신이 착취와 약탈의 고철도시를 구할 수 있는 열쇠임을 깨닫게 된 알리타는&nbsp;</p><p>사랑하는 가족과 친구, 새로운 세상을 위해 통제된 세상의 무시무시한 적들과 맞서게 되는데…​&nbsp;</p>',NULL,NULL,0),(31,'메리 포핀스 리턴즈','롭 마샬','판타지,가족',1,'2D,IMAX',120,'2019-02-15','2019-04-18','movie_1548061520838.jpg',1,'<p>행복한 상상을 이루어주는 해피메이커 ‘메리 포핀스’</p><p>체리트리 가 17번지에 살고 있는 마이클과 세 아이들은 아내와 엄마를 잃고,&nbsp;</p><p>집까지 빼앗길 위기에 처해 슬픔에 잠긴다.&nbsp;</p><p>어느 날, 바람의 방향이 바뀌고 마이클의 가족에게 다시 돌아온 ‘메리 포핀스’는&nbsp;</p><p>사랑스러운 마법으로 가득 찬 황홀한 경험을 선사하는데…</p><p>&nbsp;</p>',NULL,NULL,0),(33,'뺑반','한준희','액션,범죄',15,'2D',133,'2019-01-30','2019-02-28','movie_1548306212383.jpg',0,'<p>Hit and Run 상황 발생,</p><p>순마 출동합니다!</p><p>경찰 내 최고 엘리트 조직 내사과 소속 경위 ‘은시연’(공효진).&nbsp;</p><p>조직에서 유일하게 믿고 따르는 ‘윤과장’(염정아)과 함께&nbsp;</p><p>F1 레이서 출신의 사업가 ‘정재철’(조정석)을 잡기 위해 수사망을 조여가던 시연은&nbsp;</p><p>무리한 강압 수사를 벌였다는 오명을 쓰고 뺑소니 전담반으로 좌천된다.&nbsp;</p><p>&nbsp;&nbsp;</p><p>알고 보면 경찰대 수석 출신, 만삭의 리더 ‘우계장’(전혜진)과&nbsp;</p><p>차에 대한 천부적 감각을 지닌 에이스 순경 ‘서민재’(류준열).&nbsp;</p><p>팀원은 고작 단 두 명, 매뉴얼도 인력도 시간도 없지만 뺑소니 잡는 실력만큼은 최고인 ‘뺑반’.&nbsp;</p><p>계속해서 재철을 예의주시하던 시연은 뺑반이 수사 중인 미해결 뺑소니 사건의 유력한 용의자가 재철임을 알게 된다.&nbsp;</p><p>&nbsp;&nbsp;</p><p>뺑소니 친 놈은 끝까지 쫓는 뺑반 에이스 민재와&nbsp;</p><p>온갖 비리를 일삼는 재철을 잡기 위해 모든 것을 건 시연.&nbsp;</p><p>하나의 목표를 향해 힘을 합친 그들의 팀플레이가 시작되는 가운데&nbsp;</p><p>방법을 가리지 않고 수사망을 빠져 나가려는 통제불능 스피드광 재철의 반격 역시 점점 과감해지는데…!​&nbsp;</p>',NULL,NULL,0),(35,'저스티스 리그','잭 스나이더','판타지,SF',12,'2D,IMAX',120,'2019-01-28','2019-02-28','movie_1548642298235.jpg',0,'<p><span style=\"color: rgb(34, 34, 34); font-family: \" apple=\"\" sd=\"\" gothic=\"\" neo\",=\"\" arial,=\"\" sans-serif;=\"\" font-size:=\"\" small;=\"\" background-color:=\"\" rgb(255,=\"\" 255,=\"\" 255);\"=\"\">인류의 수호자인 슈퍼맨이 사라진 틈을 노리고 ‘마더박스’를 차지하기 위해 빌런 스테픈울프가 악마군단을 이끌고 지구에 온다.마더박스는 시간과 공간, 에너지, 중력을 통제하는 범우주적인 능력으로 행성의 파괴마저도 초래하는 물체로 이 강력한 힘을 통제하기 위해 고대부터 총 3개로 분리되어 보관되고 있던 것.인류에 대한 믿음을 되찾고 슈퍼맨의 희생 정신에 마음이 움직인 브루스 웨인은 새로운 동료인 다이애나 프린스에게 도움을 청해 이 거대한 적에 맞서기로 한다.배트맨과 원더 우먼은 새로이 등장한 위협에 맞서기 위해 아쿠아맨, 사이보그, 플래</span><span class=\"yZlgBd\" style=\"display: inline; color: rgb(34, 34, 34); font-family: \" apple=\"\" sd=\"\" gothic=\"\" neo\",=\"\" arial,=\"\" sans-serif;=\"\" font-size:=\"\" small;=\"\" background-color:=\"\" rgb(255,=\"\" 255,=\"\" 255);\"=\"\">시를 찾아 신속히 팀을 꾸린다.이들 슈퍼히어로 완전체는 스테픈울프로부터 마더박스를 지키기 위해 지구의 운명을 건 전투를 벌인다!</span>​</p>',NULL,NULL,0),(36,'쉬리','강제규','액션,드라마,스릴러',15,'2D,IMAX',123,'2019-01-28','2019-02-28','movie_1548407777479.jpg',0,'<p><span style=\"background-color: rgb(245, 245, 245); color: rgb(55, 58, 60); font-family: \" open=\"\" sans\",=\"\" arial,=\"\" \"apple=\"\" sd=\"\" gothic=\"\" neo\",=\"\" \"noto=\"\" sans=\"\" cjk=\"\" kr\",=\"\" 본고딕,=\"\" \"kopubdotum=\"\" medium\",=\"\" 나눔바른고딕,=\"\" 나눔고딕,=\"\" nanumgothic,=\"\" 맑은고딕,=\"\" \"malgun=\"\" gothic\",=\"\" sans-serif;=\"\" font-size:=\"\" 14.4px;=\"\" font-weight:=\"\" 700;\"=\"\">1999년 일급 프로젝트</span></p><br style=\"box-sizing: inherit; color: rgb(55, 58, 60); font-family: \" open=\"\" sans\",=\"\" arial,=\"\" \"apple=\"\" sd=\"\" gothic=\"\" neo\",=\"\" \"noto=\"\" sans=\"\" cjk=\"\" kr\",=\"\" 본고딕,=\"\" \"kopubdotum=\"\" medium\",=\"\" 나눔바른고딕,=\"\" 나눔고딕,=\"\" nanumgothic,=\"\" 맑은고딕,=\"\" \"malgun=\"\" gothic\",=\"\" sans-serif;=\"\" font-size:=\"\" 14.4px;=\"\" background-color:=\"\" rgb(245,=\"\" 245,=\"\" 245);\"=\"\"><span style=\"color: rgb(55, 58, 60); font-family: \" open=\"\" sans\",=\"\" arial,=\"\" \"apple=\"\" sd=\"\" gothic=\"\" neo\",=\"\" \"noto=\"\" sans=\"\" cjk=\"\" kr\",=\"\" 본고딕,=\"\" \"kopubdotum=\"\" medium\",=\"\" 나눔바른고딕,=\"\" 나눔고딕,=\"\" nanumgothic,=\"\" 맑은고딕,=\"\" \"malgun=\"\" gothic\",=\"\" sans-serif;=\"\" font-size:=\"\" 14.4px;=\"\" background-color:=\"\" rgb(245,=\"\" 245,=\"\" 245);\"=\"\">국가 비밀기관 OP의 특수요원인 중원(한석규)과 장길(송강호)은 최근 일어난 암살 사건을 수사 중이다. 제보를 약속한 무기밀매상 보스 임봉주가 눈앞에서 저격당하자, 둘은 저격 스타일을 보고 북한 특수요원 이방희가 활동을 재개했음을 안다.&nbsp;</span><br style=\"box-sizing: inherit; color: rgb(55, 58, 60); font-family: \" open=\"\" sans\",=\"\" arial,=\"\" \"apple=\"\" sd=\"\" gothic=\"\" neo\",=\"\" \"noto=\"\" sans=\"\" cjk=\"\" kr\",=\"\" 본고딕,=\"\" \"kopubdotum=\"\" medium\",=\"\" 나눔바른고딕,=\"\" 나눔고딕,=\"\" nanumgothic,=\"\" 맑은고딕,=\"\" \"malgun=\"\" gothic\",=\"\" sans-serif;=\"\" font-size:=\"\" 14.4px;=\"\" background-color:=\"\" rgb(245,=\"\" 245,=\"\" 245);\"=\"\"><br style=\"box-sizing: inherit; color: rgb(55, 58, 60); font-family: \" open=\"\" sans\",=\"\" arial,=\"\" \"apple=\"\" sd=\"\" gothic=\"\" neo\",=\"\" \"noto=\"\" sans=\"\" cjk=\"\" kr\",=\"\" 본고딕,=\"\" \"kopubdotum=\"\" medium\",=\"\" 나눔바른고딕,=\"\" 나눔고딕,=\"\" nanumgothic,=\"\" 맑은고딕,=\"\" \"malgun=\"\" gothic\",=\"\" sans-serif;=\"\" font-size:=\"\" 14.4px;=\"\" background-color:=\"\" rgb(245,=\"\" 245,=\"\" 245);\"=\"\"><span style=\"color: rgb(55, 58, 60); font-family: \" open=\"\" sans\",=\"\" arial,=\"\" \"apple=\"\" sd=\"\" gothic=\"\" neo\",=\"\" \"noto=\"\" sans=\"\" cjk=\"\" kr\",=\"\" 본고딕,=\"\" \"kopubdotum=\"\" medium\",=\"\" 나눔바른고딕,=\"\" 나눔고딕,=\"\" nanumgothic,=\"\" 맑은고딕,=\"\" \"malgun=\"\" gothic\",=\"\" sans-serif;=\"\" font-size:=\"\" 14.4px;=\"\" background-color:=\"\" rgb(245,=\"\" 245,=\"\" 245);\"=\"\">북에서는 이방희의 특수교관이었던 박무영(최민식)이 북한 특수 8군단과 함께 내려오고 유중원과 이장길은 최근의 암살이 국방부에서 개발한 CTX와 관련이 있다는 사실을 알게 된다. 이를 깨달은 둘은 국방과학 연구소로 향하지만 이미 박무영이 CTX를 탈취한 상태다.&nbsp;</span><br style=\"box-sizing: inherit; color: rgb(55, 58, 60); font-family: \" open=\"\" sans\",=\"\" arial,=\"\" \"apple=\"\" sd=\"\" gothic=\"\" neo\",=\"\" \"noto=\"\" sans=\"\" cjk=\"\" kr\",=\"\" 본고딕,=\"\" \"kopubdotum=\"\" medium\",=\"\" 나눔바른고딕,=\"\" 나눔고딕,=\"\" nanumgothic,=\"\" 맑은고딕,=\"\" \"malgun=\"\" gothic\",=\"\" sans-serif;=\"\" font-size:=\"\" 14.4px;=\"\" background-color:=\"\" rgb(245,=\"\" 245,=\"\" 245);\"=\"\"><br style=\"box-sizing: inherit; color: rgb(55, 58, 60); font-family: \" open=\"\" sans\",=\"\" arial,=\"\" \"apple=\"\" sd=\"\" gothic=\"\" neo\",=\"\" \"noto=\"\" sans=\"\" cjk=\"\" kr\",=\"\" 본고딕,=\"\" \"kopubdotum=\"\" medium\",=\"\" 나눔바른고딕,=\"\" 나눔고딕,=\"\" nanumgothic,=\"\" 맑은고딕,=\"\" \"malgun=\"\" gothic\",=\"\" sans-serif;=\"\" font-size:=\"\" 14.4px;=\"\" background-color:=\"\" rgb(245,=\"\" 245,=\"\" 245);\"=\"\"><p><span style=\"background-color: rgb(245, 245, 245); color: rgb(55, 58, 60); font-family: \" open=\"\" sans\",=\"\" arial,=\"\" \"apple=\"\" sd=\"\" gothic=\"\" neo\",=\"\" \"noto=\"\" sans=\"\" cjk=\"\" kr\",=\"\" 본고딕,=\"\" \"kopubdotum=\"\" medium\",=\"\" 나눔바른고딕,=\"\" 나눔고딕,=\"\" nanumgothic,=\"\" 맑은고딕,=\"\" \"malgun=\"\" gothic\",=\"\" sans-serif;=\"\" font-size:=\"\" 14.4px;\"=\"\">항상 적은 한 발 앞서 OP의 상황을 알게되고 OP 내부에서는 서로를 의심하게 된다. 명현(김윤진)과 결혼을 앞둔 중원은 명현을 피신시키는데...</span>&nbsp;</p>',NULL,NULL,0),(37,'극한직업','이병헌','멜로',15,'2D',111,'2019-01-23','2019-02-28','movie_1548812486425.jpg',0,'<p><strong class=\"blind\" style=\"font-family: 나눔고딕, NanumGothic, 돋움, Dotum, Helvetica, AppleSDGothicNeo-Medium, AppleGothic, sans-serif; clip: rect(0px, 0px, 0px, 0px); overflow: hidden; position: absolute; top: 0px; left: 0px; width: 1px; height: 1px; font-size: 0px; line-height: 0; display: inline !important;\">줄거리</strong></p><h5 class=\"h_tx_story\" style=\"margin: -7px 0px 1px; padding: 0px; background-image: url(\" https:=\"\" ssl.pstatic.net=\"\" static=\"\" movie=\"\" 2014=\"\" 01=\"\" blank.gif\");=\"\" font-size:=\"\" 14px;=\"\" font-family:=\"\" 나눔고딕,=\"\" nanumgothic,=\"\" helvetica,=\"\" sans-serif;=\"\" letter-spacing:=\"\" -1px;=\"\" color:=\"\" rgb(51,=\"\" 51,=\"\" 51);=\"\" line-height:=\"\" 25px;=\"\" background-color:=\"\" rgb(255,=\"\" 255,=\"\" 255);\"=\"\">낮에는 치킨장사! 밤에는 잠복근무!<br>지금까지 이런 수사는 없었다!</h5><p class=\"con_tx\" style=\"margin-top: -1px; margin-bottom: -6px; background-image: url(\" https:=\"\" ssl.pstatic.net=\"\" static=\"\" movie=\"\" 2014=\"\" 01=\"\" blank.gif\");=\"\" position:=\"\" relative;=\"\" color:=\"\" rgb(51,=\"\" 51,=\"\" 51);=\"\" font-size:=\"\" 14px;=\"\" line-height:=\"\" 25px;=\"\" letter-spacing:=\"\" -1px;=\"\" font-family:=\"\" 나눔고딕,=\"\" nanumgothic,=\"\" 돋움,=\"\" dotum,=\"\" helvetica,=\"\" applesdgothicneo-medium,=\"\" applegothic,=\"\" sans-serif;=\"\" background-color:=\"\" rgb(255,=\"\" 255,=\"\" 255);\"=\"\">불철주야 달리고 구르지만 실적은 바닥, 급기야 해체 위기를 맞는 마약반!<br>&nbsp;더 이상 물러설 곳이 없는 팀의 맏형 고반장은 국제 범죄조직의 국내 마약 밀반입 정황을 포착하고<br>&nbsp;장형사, 마형사, 영호, 재훈까지 4명의 팀원들과 함께 잠복 수사에 나선다.<br>&nbsp;마약반은 24시간 감시를 위해 범죄조직의 아지트 앞 치킨집을 인수해 위장 창업을 하게 되고,<br>&nbsp;뜻밖의 절대미각을 지닌 마형사의 숨은 재능으로 치킨집은 일약 맛집으로 입소문이 나기 시작한다.<br>&nbsp;수사는 뒷전, 치킨장사로 눈코 뜰 새 없이 바빠진 마약반에게 어느 날 절호의 기회가 찾아오는데…<br>&nbsp;&nbsp;</p><p><span style=\"background-color: rgb(255, 255, 255); color: rgb(51, 51, 51); font-family: 나눔고딕, NanumGothic, 돋움, Dotum, Helvetica, AppleSDGothicNeo-Medium, AppleGothic, sans-serif; font-size: 14px; letter-spacing: -1px;\">&nbsp;범인을 잡을 것인가, 닭을 잡을 것인가!</span>&nbsp;</p>',NULL,NULL,0),(38,'사바하','장재현','스릴러',15,'2D',122,'2019-02-20','2019-03-28','movie_1548914243362.jpg',0,'<p>신흥 종교 비리를 찾아내는 종교문제연구소 ‘박목사’(이정재).&nbsp;</p><p>최근 사슴동산이라는 새로운 종교 단체를 조사 중이다.&nbsp;</p><p>영월 터널에서 여중생이 사체로 발견되는 사건이 발생하고&nbsp;</p><p>이를 쫓던 경찰과 우연히 사슴동산에서 마주친 박목사는 이번 건이 심상치 않음을 직감한다.&nbsp;</p><p>터널 사건 유력 용의자의 자살, 그리고 실체를 알 수 없는 정비공 ‘나한’(박정민)과&nbsp;</p><p>16년 전 태어난 쌍둥이 동생 ‘금화’(이재인)의 존재까지,&nbsp;</p><p>사슴동산에 대해 파고들수록 박목사는 점점 더 많은 미스터리와 마주하게 되는데…!&nbsp;</p><p>&nbsp;&nbsp;</p><p>그것이 태어나고 모든 사건이 시작되었다​&nbsp;</p>',NULL,NULL,0);

#
# Structure for table "notice"
#

CREATE TABLE `notice` (
  `NO` int(11) NOT NULL AUTO_INCREMENT COMMENT '번호',
  `TYPE` int(11) NOT NULL DEFAULT '0' COMMENT '종류',
  `TITLE` varchar(50) DEFAULT NULL COMMENT '제목',
  `CONTENTS` varchar(255) DEFAULT NULL COMMENT '내용',
  `DISPLAY` int(11) NOT NULL DEFAULT '0' COMMENT '노출여부',
  `CRE_DATE` datetime DEFAULT NULL COMMENT '작성일',
  `READNO` int(11) NOT NULL DEFAULT '0',
  `WRITER` int(11) DEFAULT '0',
  `FILENAME_ORG` varchar(255) DEFAULT NULL COMMENT '첨부(사용자)',
  `FILENAME` varchar(255) DEFAULT NULL COMMENT '첨부(시스템)',
  `FILESIZE` bigint(20) DEFAULT NULL COMMENT '첨부크기',
  `FILENAME_ORG2` varchar(255) DEFAULT NULL COMMENT '첨부(사용자)',
  `FILENAME2` varchar(255) DEFAULT NULL COMMENT '첨부(시스템)',
  `FILESIZE2` bigint(20) DEFAULT NULL COMMENT '첨부크기',
  PRIMARY KEY (`NO`)
) ENGINE=InnoDB AUTO_INCREMENT=27 DEFAULT CHARSET=utf8;

#
# Data for table "notice"
#

INSERT INTO `notice` VALUES (12,1,'시스템공지 숨김','<p>시스템공지 숨김</p>',0,'2019-01-10 11:52:13',0,2,NULL,NULL,0,NULL,NULL,0),(13,2,'극장 노출','<p>ㅁㄴㅇㄹ</p>',1,'2019-01-10 11:52:28',4,2,NULL,NULL,0,NULL,NULL,0),(14,3,'기타 노출','<p><img title=\"팔벌린포즈.png\" src=\"http://localhost/upload/editor/1547096147814_775.png\" alt=\"\"><br style=\"clear:both;\">ㅇㅇ</p>',1,'2019-01-10 11:52:38',3,2,NULL,NULL,0,NULL,NULL,0),(15,1,'시스템 점검 안내','<p><img title=\"1fc8f1bf935fcfab98bf7be2edae56ca.jpg\" src=\"http://localhost/upload/editor/1547090884062_398.jpg\" alt=\"\"><br style=\"clear:both;\">~시까지&nbsp;</p>',1,'2019-01-10 11:53:03',3,2,'물고기.png','notice_1547091563243.png',52670,NULL,NULL,0),(22,1,'첨부파일테스트','<p><img title=\"물고기.png\" src=\"http://localhost/upload/editor/1547434662941_477.png\" alt=\"\"><br style=\"clear:both;\">ffㅁㄴㅇㄹ</p>',1,'2019-01-10 17:51:58',5,2,'1fc8f1bf935fcfab98bf7be2edae56ca.jpg','notice_1547434664534.jpg',38983,NULL,NULL,0),(25,1,'ㅁㄴㅇㄹ','<p>ㅁㄴㅇㄹ</p>',0,'2019-01-16 18:02:36',0,2,'바닥.jpg','notice_1547629354442.jpg',14971,NULL,NULL,0),(26,1,'test','<p>test</p>',0,'2019-01-17 17:02:32',0,2,'바닥2.jpg','notice_1547712257427.jpg',385379,'p.jpg','notice_1547712162445.jpg',278090);

#
# Structure for table "point"
#

CREATE TABLE `point` (
  `point_no` int(11) NOT NULL AUTO_INCREMENT,
  `member_pk` int(11) DEFAULT NULL COMMENT '회원 번호',
  `usePoint` int(11) DEFAULT NULL COMMENT '포인트 사용량',
  `memo` varchar(255) DEFAULT NULL COMMENT '비고',
  `pointRegistDate` timestamp NULL DEFAULT NULL COMMENT '포인트 발생일',
  `movie_pk` int(11) DEFAULT NULL COMMENT '영화 일련번호',
  PRIMARY KEY (`point_no`)
) ENGINE=InnoDB AUTO_INCREMENT=17 DEFAULT CHARSET=utf8;

#
# Data for table "point"
#

INSERT INTO `point` VALUES (2,0,0,NULL,'2019-01-30 17:52:02',NULL),(7,3,-10000,NULL,'2019-01-31 11:22:46',NULL),(8,6,-100,NULL,'2019-01-31 12:12:37',NULL),(9,6,-100,NULL,'2019-01-31 12:19:26',NULL),(10,6,-500,NULL,'2019-01-31 12:19:46',NULL),(11,6,-300,NULL,'2019-01-31 12:20:09',NULL),(12,3,-5000,'영화 예매시 포인트 사용','2019-01-31 13:58:36',NULL),(13,10,-500,'영화 예매시 포인트 사용','2019-01-31 14:39:26',NULL),(14,10,-150,'영화 예매시 포인트 사용','2019-01-31 14:42:11',NULL),(15,3,-50000,'영화 예매시 포인트 사용','2019-01-31 15:17:22',NULL),(16,3,-3000,'영화 예매시 포인트 사용','2019-01-31 18:06:28',NULL);

#
# Structure for table "reply"
#

CREATE TABLE `reply` (
  `no` int(11) NOT NULL AUTO_INCREMENT,
  `gno` int(11) DEFAULT NULL,
  `ono` smallint(6) DEFAULT NULL,
  `nested` tinyint(4) DEFAULT NULL,
  `password` varchar(255) DEFAULT NULL,
  `name` varchar(50) DEFAULT NULL,
  `email` varchar(150) DEFAULT NULL,
  `title` varchar(255) NOT NULL,
  `contents` mediumtext,
  `relation_url` varchar(255) DEFAULT NULL,
  `imagename` varchar(255) DEFAULT NULL,
  `imagename_org` varchar(255) DEFAULT NULL,
  `image_alt` varchar(255) DEFAULT NULL,
  `filename` varchar(255) DEFAULT NULL,
  `filename_org` varchar(255) DEFAULT NULL,
  `filesize` bigint(20) DEFAULT '0',
  `registdate` timestamp NOT NULL DEFAULT CURRENT_TIMESTAMP,
  `top` char(1) DEFAULT '0',
  `main` char(1) DEFAULT '0',
  `newicon` char(1) DEFAULT '0',
  `readno` int(11) DEFAULT '0',
  `secret` int(11) DEFAULT '0',
  `member_fk` int(11) NOT NULL DEFAULT '0',
  `admin_fk` int(11) NOT NULL DEFAULT '0',
  PRIMARY KEY (`no`)
) ENGINE=MyISAM AUTO_INCREMENT=50 DEFAULT CHARSET=utf8;

#
# Data for table "reply"
#

INSERT INTO `reply` VALUES (35,8,0,0,'',NULL,NULL,'안녕하십니까','<p>ZZ</p>',NULL,NULL,NULL,NULL,NULL,NULL,0,'2019-01-24 16:28:34',NULL,NULL,NULL,4,0,6,0),(37,7,1,1,'',NULL,NULL,'ㄴㅇㄹ','<p>ㄷㄹ</p>',NULL,NULL,NULL,NULL,NULL,NULL,0,'2019-01-24 16:59:53',NULL,NULL,NULL,1,0,1,0),(41,13,0,0,'',NULL,NULL,'ggggg','<p>sdfsdf</p>',NULL,NULL,NULL,NULL,NULL,NULL,0,'2019-01-24 17:57:25',NULL,NULL,NULL,2,0,1,0),(43,14,0,0,'',NULL,NULL,'관리자등록','<p>ㅁㄴㅇㄹ</p>',NULL,NULL,NULL,NULL,NULL,NULL,0,'2019-01-24 18:11:33',NULL,NULL,NULL,0,0,0,2),(44,14,1,1,'',NULL,NULL,'관리자 답변','<p>ㅁㄴㅇㄹ</p>',NULL,NULL,NULL,NULL,NULL,NULL,0,'2019-01-24 18:11:43',NULL,NULL,NULL,0,0,0,2),(45,15,0,0,'',NULL,NULL,'최나영질문','<p>최나영</p>',NULL,NULL,NULL,NULL,NULL,NULL,0,'2019-01-24 18:12:20',NULL,NULL,NULL,1,0,1,0),(46,15,1,1,'',NULL,NULL,'최나영답변','<p>최낭ㅇ</p>',NULL,NULL,NULL,NULL,NULL,NULL,0,'2019-01-24 18:12:30',NULL,NULL,NULL,1,0,1,0),(47,16,0,0,'',NULL,NULL,'포인트는 얼마나 적립되나요? ','<p><sub>​영화 예매 시 적립되는 포인트 기준이 궁금합니다!</sub>&nbsp;</p>',NULL,NULL,NULL,NULL,NULL,NULL,0,'2019-01-30 18:14:53',NULL,NULL,NULL,0,0,3,0),(48,14,2,2,'',NULL,NULL,'답변','<p>답변</p>',NULL,NULL,NULL,NULL,NULL,NULL,0,'2019-01-31 14:13:06',NULL,NULL,NULL,0,0,9,0),(49,14,3,3,'',NULL,NULL,'답변','<p>답변</p>',NULL,NULL,NULL,NULL,NULL,NULL,0,'2019-01-31 14:13:19',NULL,NULL,NULL,0,0,9,0);

#
# Structure for table "review"
#

CREATE TABLE `review` (
  `NO` int(11) NOT NULL AUTO_INCREMENT,
  `MEMBER_PK` varchar(50) NOT NULL DEFAULT '' COMMENT '회원이름',
  `MOVIE_PK` varchar(50) NOT NULL DEFAULT '' COMMENT '영화제목',
  `CONTENTS` varchar(255) DEFAULT NULL COMMENT '리뷰내용',
  `SCORE` int(11) DEFAULT NULL COMMENT '점수',
  `CRE_DATE` datetime NOT NULL DEFAULT '0000-00-00 00:00:00' COMMENT '작성일',
  PRIMARY KEY (`NO`)
) ENGINE=InnoDB AUTO_INCREMENT=15 DEFAULT CHARSET=utf8;

#
# Data for table "review"
#

INSERT INTO `review` VALUES (1,'1','19','말 모이주는 영화! 정말 재밌어요! 이히힝~',3,'2019-01-24 10:43:15'),(11,'1','21','개무섭!',1,'2019-01-24 16:05:28'),(12,'1','24','옥수수다!',1,'2019-01-24 16:05:53'),(13,'3','21','gggg',1,'2019-01-24 16:06:57'),(14,'1','19','말모이',5,'2019-01-24 16:06:57');

#
# Structure for table "stillcut"
#

CREATE TABLE `stillcut` (
  `no` int(11) NOT NULL AUTO_INCREMENT COMMENT '스틸컷 일련번호',
  `movie_no` varchar(255) NOT NULL DEFAULT '' COMMENT '영화 일련번호',
  `stillCut1` varchar(255) DEFAULT NULL COMMENT '스틸컷1',
  `stillCut2` varchar(255) DEFAULT NULL COMMENT '스틸컷2',
  `stillCut3` varchar(255) DEFAULT NULL COMMENT '스틸컷3',
  `stillCut4` varchar(255) DEFAULT NULL COMMENT '스틸컷4',
  `stillCut5` varchar(255) DEFAULT NULL COMMENT '스틸컷5',
  `stillCut6` varchar(255) DEFAULT NULL COMMENT '스틸컷6',
  PRIMARY KEY (`no`)
) ENGINE=InnoDB AUTO_INCREMENT=27 DEFAULT CHARSET=utf8;

#
# Data for table "stillcut"
#

INSERT INTO `stillcut` VALUES (7,'19','stillCut_1548051618856.jpg','stillCut_1548051618869.jpg','stillCut_1548051618876.jpg',NULL,NULL,NULL),(8,'20','stillCut_1548052093299.jpg','stillCut_1548052093305.jpg','stillCut_1548052093310.jpg','stillCut_1548052093315.jpg','stillCut_1548052093321.jpg',NULL),(9,'21','stillCut_1548052342116.jpg','stillCut_1548052342121.jpg','stillCut_1548052342126.jpg','stillCut_1548052342131.jpg',NULL,NULL),(10,'22','stillCut_1548052482423.jpg','stillCut_1548052482429.jpg','stillCut_1548052482447.jpg','stillCut_1548052482452.jpg','stillCut_1548052482457.jpg',NULL),(11,'23','stillCut_1548052646334.jpg','stillCut_1548052646340.jpg','stillCut_1548052646345.jpg','',NULL,NULL),(12,'24','stillCut_1548052910753._V1_SX1777_CR0,0,1777,999_AL_.jpg','stillCut_1548052910783._V1_SX1777_CR0,0,1777,957_AL_.jpg','stillCut_1548052910823._V1_SY1000_CR0,0,1776,1000_AL_.jpg','stillCut_1548052910866._V1_SX1777_CR0,0,1777,999_AL_.jpg',NULL,NULL),(13,'25','stillCut_1548053231170._V1_SX1777_CR0,0,1777,886_AL_.jpg','stillCut_1548053231067._V1_.jpg','stillCut_1548053231092._V1_.jpg','stillCut_1548053231119._V1_.jpg','stillCut_1548053231143._V1_.jpg',NULL),(14,'26','stillCut_1548053448789._V1_SY1000_CR0,0,1499,1000_AL_.jpg','stillCut_1548053448816._V1_SX1777_CR0,0,1777,740_AL_.jpg','stillCut_1548053448839._V1_SY1000_CR0,0,1499,1000_AL_.jpg','stillCut_1548053448863._V1_SX1500_CR0,0,1500,999_AL_.jpg',NULL,NULL),(15,'27','stillCut_1548053627598._V1_SY1000_CR0,0,693,1000_AL_.jpg','stillCut_1548053627612._V1_SY1000_SX675_AL_.jpg','stillCut_1548053627626._V1_SY1000_CR0,0,675,1000_AL_.jpg','stillCut_1548053627643.jpg',NULL,NULL),(16,'28','stillCut_1548053775291._V1_SY1000_CR0,0,1333,1000_AL_.jpg','stillCut_1548053775318._V1_SX1777_CR0,0,1777,744_AL_.jpg','stillCut_1548053775347._V1_SX1777_CR0,0,1777,744_AL_.jpg','stillCut_1548053775390._V1_SX1777_CR0,0,1777,744_AL_.jpg',NULL,NULL),(17,'29','stillCut_1548057324351._V1_SX1777_CR0,0,1777,736_AL_.jpg','stillCut_1548057324377._V1_SX1777_CR0,0,1777,743_AL_.jpg','stillCut_1548057324405._V1_SX1777_CR0,0,1777,736_AL_.jpg','stillCut_1548057324427._V1_SX1777_CR0,0,1777,736_AL_.jpg',NULL,NULL),(18,'30','stillCut_1548059279006._V1_SX1777_CR0,0,1777,938_AL_.jpg','stillCut_1548059279035._V1_.jpg','stillCut_1548059279066._V1_SX1777_CR0,0,1777,960_AL_.jpg','stillCut_1548059279106._V1_.jpg',NULL,NULL),(19,'31','stillCut_1548061521158._V1_SX1500_CR0,0,1500,999_AL_.jpg','stillCut_1548061521184._V1_SX1500_CR0,0,1500,999_AL_.jpg','stillCut_1548061521215._V1_SX1777_CR0,0,1777,739_AL_.jpg','stillCut_1548061521252._V1_SX1500_CR0,0,1500,999_AL_.jpg',NULL,NULL),(21,'33','stillCut_1548307716030.jpg','stillCut_1548307716039.jpg','stillCut_1548307716048.JPG','stillCut_1548307716059.JPG',NULL,NULL),(22,'34','stillCut_1548312504881.jpg','stillCut_1548312504898.jpg','stillCut_1548312504912.jpg','stillCut_1548312504927.jpg',NULL,NULL),(23,'35','stillCut_1548644182039.jpg','stillCut_1548644182140.jpg','stillCut_1548644182163.jpg','stillCut_1548644182194.jpg',NULL,NULL),(24,'36','stillCut_1548407777506.1998.REPACK.720p.HDTV.x264-Manila_0001597187ms.jpg','stillCut_1548407777613.1999.AC3.DIVX.NEXUS.CD1.AVI_001666604.jpg','stillCut_1548407777620.jpg','stillCut_1548407777628.JPG','stillCut_1548407777634.jpg',NULL),(25,'37','stillCut_1548752139294.jpg','stillCut_1548752139305.jpg','stillCut_1548752139315.jpg','stillCut_1548752139323.jpg','stillCut_1548752139329.jpg','stillCut_1548752139334.jpg'),(26,'38','stillCut_1548914251658.jpg','stillCut_1548914252002.jpg',NULL,NULL,NULL,NULL);

#
# Structure for table "ticket1"
#

CREATE TABLE `ticket1` (
  `no` int(11) NOT NULL AUTO_INCREMENT,
  `movie_pk` int(11) NOT NULL DEFAULT '0' COMMENT '영화PK',
  `member_pk` int(11) NOT NULL DEFAULT '0' COMMENT '회원pk',
  `cancel_date` timestamp NULL DEFAULT NULL COMMENT '예매취소일',
  `res_date` timestamp NULL DEFAULT NULL COMMENT '예매일',
  `price` varchar(50) NOT NULL DEFAULT '' COMMENT '가격',
  `pay` int(1) DEFAULT NULL COMMENT '결제수단 "1=무통장입금","2=카드결제(PG)"',
  `tk_count` int(1) unsigned DEFAULT NULL COMMENT '티켓수(최대 4장',
  `format` int(1) unsigned NOT NULL DEFAULT '0' COMMENT '영화 포맷(2D:10000원, 3D:12000원, 4D:14000원, IMAX:16000원)',
  `usePoint` int(11) NOT NULL DEFAULT '0' COMMENT '결제시 사용한 포인트',
  `screen_date` char(10) NOT NULL DEFAULT '' COMMENT '상영일',
  `screen_time` int(2) unsigned NOT NULL DEFAULT '0' COMMENT '상영시간(3시간 간격으로 상영)  1(09:00), 2(12:00), 3(15:00), 4(18:00), 5(21:00)',
  `pay_state` int(1) unsigned NOT NULL DEFAULT '0' COMMENT '결제상태"1=결제완료","2=미완료"',
  `res_state` int(1) unsigned NOT NULL DEFAULT '0' COMMENT '예매상태"1=예매완료","2=예매취소"',
  `res_num` varchar(15) NOT NULL DEFAULT '0' COMMENT '예매번호',
  PRIMARY KEY (`no`)
) ENGINE=InnoDB AUTO_INCREMENT=26 DEFAULT CHARSET=utf8 COMMENT='예매';

#
# Data for table "ticket1"
#

INSERT INTO `ticket1` VALUES (13,29,6,NULL,'2019-01-31 12:12:37','15900',1,1,4,100,'2019-01-31',5,2,1,'1548904357913'),(14,33,6,NULL,'2019-01-31 12:19:26','23900',1,2,2,100,'2019-01-31',1,2,1,'1548904766479'),(15,21,6,NULL,'2019-01-31 12:19:46','47500',1,4,2,500,'2019-01-31',2,2,1,'1548904786940'),(16,19,6,NULL,'2019-01-31 12:20:09','35700',1,3,2,300,'2019-02-05',5,2,1,'1548904809715'),(17,23,3,NULL,'2019-01-31 13:58:36','51000',1,4,3,5000,'2019-02-10',4,2,1,'1548910720809'),(18,29,10,NULL,'2019-01-31 14:27:29','10000',1,1,1,0,'2019-01-31',1,2,1,'1548912454460'),(19,29,10,NULL,'2019-01-31 14:28:31','10000',1,1,1,0,'2019-01-31',1,2,1,'1548912515845'),(20,29,10,NULL,'2019-01-31 14:28:32','10000',1,1,1,0,'2019-01-31',1,2,1,'1548912516943'),(21,21,10,NULL,'2019-01-31 14:39:26','11500',1,1,2,500,'2019-02-08',2,2,1,'1548913170997'),(22,33,10,NULL,'2019-01-31 14:42:11','9850',1,1,1,150,'2019-01-31',1,2,1,'1548913336481'),(23,35,10,NULL,'2019-01-31 14:48:19','10000',1,1,1,0,'2019-01-31',1,2,1,'1548913704182'),(24,37,3,NULL,'2019-01-31 15:17:22','14000',1,4,4,50000,'2019-02-13',5,2,1,'1548915447092'),(25,28,3,NULL,'2019-01-31 18:06:28','13000',1,1,4,3000,'2019-01-31',5,2,1,'1548925592666');

#
# Structure for table "trailer"
#

CREATE TABLE `trailer` (
  `no` int(11) NOT NULL AUTO_INCREMENT COMMENT '영상 url 일련번호',
  `movie_no` int(11) NOT NULL DEFAULT '0' COMMENT '영화 일련번호',
  `trailer1` varchar(255) DEFAULT '' COMMENT '동영상1',
  `trailer2` varchar(255) DEFAULT NULL COMMENT '동영상2',
  `trailer3` varchar(255) DEFAULT NULL COMMENT '동영상3',
  `trailer4` varchar(255) DEFAULT NULL COMMENT '동영상4',
  `trailer5` varchar(255) DEFAULT NULL COMMENT '동영상5',
  `trailer6` varchar(255) DEFAULT NULL COMMENT '동영상6',
  PRIMARY KEY (`no`)
) ENGINE=InnoDB AUTO_INCREMENT=25 DEFAULT CHARSET=utf8;

#
# Data for table "trailer"
#

INSERT INTO `trailer` VALUES (5,19,'https://www.youtube.com/embed/lHjy3OK2eqk','https://www.youtube.com/embed/Tk0gIvb-4-s','','','',''),(6,20,'https://www.youtube.com/embed/Zy2Ht5gehsQ','https://www.youtube.com/embed/rKHQPaPaaX4','','','',''),(7,21,'https://www.youtube.com/embed/hBVYJPSeEqI','https://www.youtube.com/embed/jzZB_oc4fRI','https://www.youtube.com/embed/z9xpUxSk4bs','','',''),(8,22,'https://www.youtube.com/embed/dVXbK4Mz_NY','https://www.youtube.com/embed/MjWj_-YiZD8','','','',''),(9,23,'https://www.youtube.com/embed/1kTkrqeE1xQ','https://www.youtube.com/embed/IrnujBDAY-I','https://www.youtube.com/embed/-LN3Iyegx6c','','',''),(10,24,'https://www.youtube.com/embed/WDkg3h8PCVU','https://www.youtube.com/embed/vLRZ6U1XMfc','https://www.youtube.com/embed/jo0ZoJy7QmI','','',''),(11,25,'https://www.youtube.com/embed/juHmLAQVmOE','https://www.youtube.com/embed/hK_DHPxE2Xg','https://www.youtube.com/embed/xZLnUCpX_Ag','','',''),(12,26,'https://www.youtube.com/embed/OEYngTXMUwY','','','','',''),(13,27,'https://www.youtube.com/embed/NiXtDZfo2js','https://www.youtube.com/embed/lY9rO6o1vl8','https://www.youtube.com/embed/XTZko22Ze3o','','',''),(14,28,'https://www.youtube.com/embed/glgTzsYqmZk','https://www.youtube.com/embed/uOBs19cUSUU','https://www.youtube.com/embed/vhkCBOsOoYY','','',''),(15,29,'https://www.youtube.com/embed/naW9U8MiUY0','https://www.youtube.com/embed/CQ7XUCQ6pbE','https://www.youtube.com/embed/Vq52SbsjlsY','','',''),(16,30,'https://www.youtube.com/embed/yTE7vwwcC7s','https://www.youtube.com/embed/M4uLhydZogo','','','',''),(17,31,'https://www.youtube.com/embed/ZJEDQeeB8eo','','','','',''),(19,33,'https://www.youtube.com/embed/-o_H4QdNaBc','https://www.youtube.com/embed/ie9JKdB2fNA','','','',''),(20,34,'https://www.youtube.com/embed/BaIRaKXrLPk','https://www.youtube.com/embed/xM1CIQd_X4c','','','',''),(21,35,'https://www.youtube.com/embed/3cxixDgHUYw','','','','',''),(22,36,'https://www.youtube.com/embed/UsN_hj51E5c','https://www.youtube.com/embed/SguEaAy2K-A','https://www.youtube.com/embed/2mfIXBnNYqc','https://www.youtube.com/embed/Hfy4cydVbPg','',''),(23,37,'https://www.youtube.com/embed/BaIRaKXrLPk ','','','','',''),(24,38,'https://www.youtube.com/embed/eDanrJF23_k','https://www.youtube.com/embed/5CXBPabCCYk','','','','');
